{
  "epoch": 35,
  "eval_loss": 0.7650949274989921,
  "eval_accuracy": 0.7103386809269162,
  "precision": 0.663968657473295,
  "recall": 0.6361957131303634,
  "f_score": 0.6483352966594768,
  "global_step": 6930,
  "loss": 0.09724623059514184,
  "epoch_time_minutes": 5.679065549373627,
  "total_time_hours": 3.5562023268143337
}