{
  "epoch": 42,
  "eval_loss": 0.7294778958172865,
  "eval_accuracy": 0.7174688057040999,
  "precision": 0.6640529963614642,
  "recall": 0.6372991621510142,
  "f_score": 0.6490437141522034,
  "global_step": 8316,
  "loss": 0.09371380420788279,
  "epoch_time_minutes": 5.676473367214203,
  "total_time_hours": 4.2386913214789494
}