{
  "epoch": 85,
  "eval_loss": 0.7067567082777829,
  "eval_accuracy": 0.732620320855615,
  "precision": 0.6774842705945471,
  "recall": 0.6518510180177589,
  "f_score": 0.6630494430932939,
  "global_step": 16830,
  "loss": 0.08259268447100741,
  "epoch_time_minutes": 5.717046475410461,
  "total_time_hours": 8.368506500389842
}