{
  "epoch": 13,
  "eval_loss": 0.969239762971099,
  "eval_accuracy": 0.5811051693404634,
  "precision": 0.3299418604651163,
  "recall": 0.3635469517100964,
  "f_score": 0.3326279653017494,
  "global_step": 2574,
  "loss": 0.17709627486062499,
  "epoch_time_minutes": 5.657778112093608,
  "total_time_hours": 1.3915092604027854
}