{
  "epoch": 53,
  "eval_loss": 0.7054386042373281,
  "eval_accuracy": 0.7228163992869875,
  "precision": 0.6679990858917716,
  "recall": 0.6358042996526438,
  "f_score": 0.6493906583366349,
  "global_step": 10494,
  "loss": 0.08900808898158044,
  "epoch_time_minutes": 5.678157333532969,
  "total_time_hours": 5.292066040039063
}