{
  "epoch": 5,
  "eval_loss": 1.0330234598106063,
  "eval_accuracy": 0.5329768270944741,
  "precision": 0.3862711122184723,
  "recall": 0.3543501951116679,
  "f_score": 0.3419289989769076,
  "global_step": 990,
  "loss": 0.19425436948080482,
  "epoch_time_minutes": 5.645408014456431,
  "total_time_hours": 0.6214188820785946
}