{
  "epoch": 82,
  "eval_loss": 0.705992117104396,
  "eval_accuracy": 0.7335115864527629,
  "precision": 0.6779916348797449,
  "recall": 0.6512115040012465,
  "f_score": 0.6628356894854357,
  "global_step": 16236,
  "loss": 0.08314489436412008,
  "epoch_time_minutes": 5.721711659431458,
  "total_time_hours": 8.078993193043603
}