{
  "epoch": 25,
  "eval_loss": 0.8570299173744631,
  "eval_accuracy": 0.6666666666666666,
  "precision": 0.6225623896701656,
  "recall": 0.5370028498392262,
  "f_score": 0.5577298674174269,
  "global_step": 4950,
  "loss": 0.12084785124415871,
  "epoch_time_minutes": 5.634967954953511,
  "total_time_hours": 2.569268830617269
}