{
  "epoch": 7,
  "eval_loss": 1.01123351950041,
  "eval_accuracy": 0.5508021390374331,
  "precision": 0.4382258645283698,
  "recall": 0.3501107768795511,
  "f_score": 0.3260130250910665,
  "global_step": 1386,
  "loss": 0.19211719635897462,
  "epoch_time_minutes": 5.7492294351259865,
  "total_time_hours": 0.8160474718941583
}