{
  "epoch": 60,
  "eval_loss": 0.7027757388185447,
  "eval_accuracy": 0.7237076648841355,
  "precision": 0.6691628428210136,
  "recall": 0.6350966169440745,
  "f_score": 0.6494623655913978,
  "global_step": 11880,
  "loss": 0.08762747205840717,
  "epoch_time_minutes": 5.704445938269298,
  "total_time_hours": 5.95937237865395
}