{
  "epoch": 79,
  "eval_loss": 0.7054667485431886,
  "eval_accuracy": 0.7335115864527629,
  "precision": 0.6770946160504945,
  "recall": 0.648869282400543,
  "f_score": 0.6610308486022878,
  "global_step": 15642,
  "loss": 0.08371193919729136,
  "epoch_time_minutes": 5.767255075772604,
  "total_time_hours": 7.785466068983078
}