{
  "epoch": 29,
  "eval_loss": 0.8110060817758802,
  "eval_accuracy": 0.6996434937611408,
  "precision": 0.6584498316364549,
  "recall": 0.6079403743239195,
  "f_score": 0.627320163644136,
  "global_step": 5742,
  "loss": 0.10743904065036174,
  "epoch_time_minutes": 5.7659113764762875,
  "total_time_hours": 2.964821831583977
}