{
  "epoch": 21,
  "eval_loss": 0.9108704135451519,
  "eval_accuracy": 0.6265597147950089,
  "precision": 0.571005898938068,
  "recall": 0.47086243533699257,
  "f_score": 0.4568226709645861,
  "global_step": 4158,
  "loss": 0.13914084828124856,
  "epoch_time_minutes": 5.6137558658917746,
  "total_time_hours": 2.175119900372293
}