{
  "epoch": 86,
  "eval_loss": 0.7073724781963188,
  "eval_accuracy": 0.7335115864527629,
  "precision": 0.6783875823509863,
  "recall": 0.65234853045557,
  "f_score": 0.6637213540704795,
  "global_step": 17028,
  "loss": 0.08240172266022965,
  "epoch_time_minutes": 5.769343094031016,
  "total_time_hours": 8.467824429339833
}