{
  "epoch": 66,
  "eval_loss": 0.7019224324276749,
  "eval_accuracy": 0.7299465240641712,
  "precision": 0.6794921379586385,
  "recall": 0.6456740375029187,
  "f_score": 0.6599074946192794,
  "global_step": 13068,
  "loss": 0.08624906982265929,
  "epoch_time_minutes": 5.696065620581309,
  "total_time_hours": 6.540709499584304
}