{
  "epoch": 71,
  "eval_loss": 0.7039937945738645,
  "eval_accuracy": 0.731729055258467,
  "precision": 0.6783665984697252,
  "recall": 0.6443950094698941,
  "f_score": 0.6585838920549736,
  "global_step": 14058,
  "loss": 0.08564244585592042,
  "epoch_time_minutes": 5.743394553661346,
  "total_time_hours": 7.020176123711798
}