{
  "epoch": 48,
  "eval_loss": 0.7122283347055945,
  "eval_accuracy": 0.7219251336898396,
  "precision": 0.669448067169586,
  "recall": 0.6422652833248866,
  "f_score": 0.6541237507642544,
  "global_step": 9504,
  "loss": 0.09266682700166162,
  "epoch_time_minutes": 5.638699205716451,
  "total_time_hours": 4.814964931342337
}