{
  "epoch": 17,
  "eval_loss": 0.9421886482708891,
  "eval_accuracy": 0.6007130124777184,
  "precision": 0.6964451987789211,
  "recall": 0.4069643256021485,
  "f_score": 0.38401314839647077,
  "global_step": 3366,
  "loss": 0.15508386161904664,
  "epoch_time_minutes": 5.776798097292582,
  "total_time_hours": 1.782329948147138
}