{
  "epoch": 80,
  "eval_loss": 0.7058448054840867,
  "eval_accuracy": 0.7352941176470589,
  "precision": 0.6796285788571228,
  "recall": 0.649864307276165,
  "f_score": 0.6626086533297298,
  "global_step": 15840,
  "loss": 0.08373479787846032,
  "epoch_time_minutes": 5.765267296632131,
  "total_time_hours": 7.88477884584003
}