{
  "epoch": 33,
  "eval_loss": 0.777002001732168,
  "eval_accuracy": 0.7085561497326203,
  "precision": 0.6615175494035761,
  "recall": 0.6276395945714976,
  "f_score": 0.641892139022584,
  "global_step": 6534,
  "loss": 0.09975251343640142,
  "epoch_time_minutes": 5.645462505022684,
  "total_time_hours": 3.358413629134496
}