{
  "epoch": 24,
  "eval_loss": 0.8681274921121732,
  "eval_accuracy": 0.6666666666666666,
  "precision": 0.6385971525046965,
  "recall": 0.5242228840734419,
  "f_score": 0.5439818028030668,
  "global_step": 4752,
  "loss": 0.12576495932895432,
  "epoch_time_minutes": 5.66269896030426,
  "total_time_hours": 2.471689507166545
}