{
  "epoch": 1,
  "eval_loss": 1.0780264374235986,
  "eval_accuracy": 0.40463458110516937,
  "precision": 0.3464600582394539,
  "recall": 0.34434510064248935,
  "f_score": 0.33728236806107276,
  "global_step": 198,
  "loss": 0.21511919815210426,
  "epoch_time_minutes": 6.292120587825775,
  "total_time_hours": 0.22224832793076832
}