{
  "epoch": 4,
  "eval_loss": 1.0465964179643443,
  "eval_accuracy": 0.5115864527629234,
  "precision": 0.3533096856952471,
  "recall": 0.35064175655269625,
  "f_score": 0.34429292967832575,
  "global_step": 792,
  "loss": 0.19490817774016903,
  "epoch_time_minutes": 5.65677649974823,
  "total_time_hours": 0.5235099570618735
}