{
  "epoch": 61,
  "eval_loss": 0.7024743424754747,
  "eval_accuracy": 0.7245989304812834,
  "precision": 0.670119375573921,
  "recall": 0.6355941293818854,
  "f_score": 0.6501350777215581,
  "global_step": 12078,
  "loss": 0.08744063228368759,
  "epoch_time_minutes": 5.788866750399271,
  "total_time_hours": 6.059147415955861
}