{
  "epoch": 38,
  "eval_loss": 0.7454086588302129,
  "eval_accuracy": 0.7156862745098039,
  "precision": 0.6651590191555838,
  "recall": 0.6381119299949628,
  "f_score": 0.6499212577718728,
  "global_step": 7524,
  "loss": 0.09524311576062028,
  "epoch_time_minutes": 5.758842225869497,
  "total_time_hours": 3.8523626301023697
}