{
  "epoch": 15,
  "eval_loss": 0.9569956727430854,
  "eval_accuracy": 0.5909090909090909,
  "precision": 0.3471086239058689,
  "recall": 0.37986634484343956,
  "f_score": 0.35275753990493386,
  "global_step": 2970,
  "loss": 0.1652511048523135,
  "epoch_time_minutes": 5.645572356383005,
  "total_time_hours": 1.5840671486987008
}