{
  "epoch": 41,
  "eval_loss": 0.7329660494562605,
  "eval_accuracy": 0.7165775401069518,
  "precision": 0.6679895729561002,
  "recall": 0.6379386761675266,
  "f_score": 0.6509752202535456,
  "global_step": 8118,
  "loss": 0.09325149871830671,
  "epoch_time_minutes": 5.729080585638682,
  "total_time_hours": 4.140683487256368
}