{
  "epoch": 10,
  "eval_loss": 0.9854434678252314,
  "eval_accuracy": 0.5730837789661319,
  "precision": 0.3148518711018711,
  "recall": 0.35183816889151603,
  "f_score": 0.31732696678383376,
  "global_step": 1980,
  "loss": 0.1860775426030159,
  "epoch_time_minutes": 5.619632697105407,
  "total_time_hours": 1.1040751173761156
}