{
  "epoch": 47,
  "eval_loss": 0.7152253750344397,
  "eval_accuracy": 0.7192513368983957,
  "precision": 0.6645870505628795,
  "recall": 0.6348831076636663,
  "f_score": 0.6476751397636614,
  "global_step": 9306,
  "loss": 0.09224953188461328,
  "epoch_time_minutes": 5.710717884699504,
  "total_time_hours": 4.717688867118624
}