{
  "epoch": 27,
  "eval_loss": 0.83278991386924,
  "eval_accuracy": 0.6809269162210339,
  "precision": 0.6382104304924273,
  "recall": 0.56771449858599,
  "f_score": 0.5898799788193275,
  "global_step": 5346,
  "loss": 0.11211256322058492,
  "epoch_time_minutes": 5.6423868854840595,
  "total_time_hours": 2.765549805429247
}