{
  "epoch": 78,
  "eval_loss": 0.706632276446047,
  "eval_accuracy": 0.732620320855615,
  "precision": 0.6775293708755618,
  "recall": 0.6477691723895419,
  "f_score": 0.6605134002800817,
  "global_step": 15444,
  "loss": 0.08400175854469995,
  "epoch_time_minutes": 5.663161814212799,
  "total_time_hours": 7.685993485715654
}