{
  "epoch": 65,
  "eval_loss": 0.7013802608134041,
  "eval_accuracy": 0.7272727272727273,
  "precision": 0.6775752486333398,
  "recall": 0.6417711098967255,
  "f_score": 0.6567954078783359,
  "global_step": 12870,
  "loss": 0.08665870444017386,
  "epoch_time_minutes": 5.682136062781016,
  "total_time_hours": 6.44230604853895
}