{
  "epoch": 34,
  "eval_loss": 0.7715661038815136,
  "eval_accuracy": 0.7094474153297683,
  "precision": 0.662706990140689,
  "recall": 0.6356982006925526,
  "f_score": 0.6475141713917364,
  "global_step": 6732,
  "loss": 0.0989421359772952,
  "epoch_time_minutes": 5.748007257779439,
  "total_time_hours": 3.4577005971140333
}