{
  "epoch": 37,
  "eval_loss": 0.7527591712038282,
  "eval_accuracy": 0.713903743315508,
  "precision": 0.6651941667073111,
  "recall": 0.6388565291468543,
  "f_score": 0.6503794766283048,
  "global_step": 7326,
  "loss": 0.0949913704545243,
  "epoch_time_minutes": 5.631933057308197,
  "total_time_hours": 3.7526104229688646
}