{
  "epoch": 16,
  "eval_loss": 0.9477115071995158,
  "eval_accuracy": 0.606951871657754,
  "precision": 0.6991585222006909,
  "recall": 0.3977923636298319,
  "f_score": 0.37475208774683494,
  "global_step": 3168,
  "loss": 0.16003893158345853,
  "epoch_time_minutes": 5.668936141331991,
  "total_time_hours": 1.6823530068000159
}