{
  "epoch": 36,
  "eval_loss": 0.7582027278315853,
  "eval_accuracy": 0.7121212121212122,
  "precision": 0.6650798950082888,
  "recall": 0.6349166850973388,
  "f_score": 0.647869364013966,
  "global_step": 7128,
  "loss": 0.09633650508879116,
  "epoch_time_minutes": 5.715415426095327,
  "total_time_hours": 3.6550534416569604
}