{
  "epoch": 28,
  "eval_loss": 0.8222543173272845,
  "eval_accuracy": 0.6898395721925134,
  "precision": 0.6437708138493436,
  "recall": 0.586276692379245,
  "f_score": 0.6057920682267575,
  "global_step": 5544,
  "loss": 0.11056419431975803,
  "epoch_time_minutes": 5.747372229894002,
  "total_time_hours": 2.8649806980954278
}