{
  "epoch": 3,
  "eval_loss": 1.0638963840377162,
  "eval_accuracy": 0.46702317290552586,
  "precision": 0.3496693486068945,
  "recall": 0.3499954543185462,
  "f_score": 0.34851571865081615,
  "global_step": 594,
  "loss": 0.1978823758896042,
  "epoch_time_minutes": 5.694857537746429,
  "total_time_hours": 0.4258388739162021
}