{
  "epoch": 23,
  "eval_loss": 0.8807930954745118,
  "eval_accuracy": 0.6541889483065954,
  "precision": 0.609586332101407,
  "recall": 0.49812184564144085,
  "f_score": 0.5068987904027722,
  "global_step": 4554,
  "loss": 0.1292740897093929,
  "epoch_time_minutes": 5.728382074832917,
  "total_time_hours": 2.3734646769364676
}