{
  "epoch": 5,
  "eval_loss": 1.0089071888319203,
  "eval_accuracy": 0.551693404634581,
  "precision": 0.35573605110436185,
  "recall": 0.35670243374132066,
  "f_score": 0.33314625019051297,
  "global_step": 990,
  "loss": 0.17867457968821315,
  "epoch_time_minutes": 7.065389629205068,
  "total_time_hours": 0.7217064658800761
}