{
  "epoch": 35,
  "eval_loss": 0.7102334625284437,
  "eval_accuracy": 0.7254901960784313,
  "precision": 0.6790181516334285,
  "recall": 0.6383656947283428,
  "f_score": 0.655084037006946,
  "global_step": 6930,
  "loss": 0.07332057908833402,
  "epoch_time_minutes": 5.647696574529012,
  "total_time_hours": 3.855301601489385
}