{
  "epoch": 27,
  "eval_loss": 0.7297201849205394,
  "eval_accuracy": 0.7254901960784313,
  "precision": 0.6850626261652989,
  "recall": 0.6301338347798517,
  "f_score": 0.6513125575222644,
  "global_step": 5346,
  "loss": 0.08001290107110762,
  "epoch_time_minutes": 5.701576415697733,
  "total_time_hours": 3.087167041367955
}