{
  "epoch": 24,
  "eval_loss": 0.7441060958613812,
  "eval_accuracy": 0.7210338680926917,
  "precision": 0.6861628091943053,
  "recall": 0.6165377621604692,
  "f_score": 0.6412235561167015,
  "global_step": 4752,
  "loss": 0.08213690687088096,
  "epoch_time_minutes": 5.623251911004385,
  "total_time_hours": 2.7962461535135903
}