{
  "epoch": 9,
  "eval_loss": 0.9499220403147416,
  "eval_accuracy": 0.6042780748663101,
  "precision": 0.43281870667888905,
  "recall": 0.40292839962149074,
  "f_score": 0.3809545999549066,
  "global_step": 1782,
  "loss": 0.1334668405213446,
  "epoch_time_minutes": 6.980647039413452,
  "total_time_hours": 1.2158107199933794
}