{
  "epoch": 19,
  "eval_loss": 0.7907585027352185,
  "eval_accuracy": 0.7049910873440285,
  "precision": 0.6665584135422638,
  "recall": 0.5894473630474336,
  "f_score": 0.6142108438326768,
  "global_step": 3762,
  "loss": 0.0866165909471002,
  "epoch_time_minutes": 5.633127796649933,
  "total_time_hours": 2.3146757223208745
}