{
  "epoch": 14,
  "eval_loss": 0.8706954616895863,
  "eval_accuracy": 0.6684491978609626,
  "precision": 0.6459434312408261,
  "recall": 0.5222730897751701,
  "f_score": 0.5423886341976404,
  "global_step": 2772,
  "loss": 0.09579870388755259,
  "epoch_time_minutes": 6.65000171661377,
  "total_time_hours": 1.8086037260293961
}