{
  "epoch": 44,
  "eval_loss": 0.7024369655360638,
  "eval_accuracy": 0.7245989304812834,
  "precision": 0.6771684204142003,
  "recall": 0.6402104038912356,
  "f_score": 0.6556407594087915,
  "global_step": 8712,
  "loss": 0.06586852415740115,
  "epoch_time_minutes": 5.714167257150014,
  "total_time_hours": 4.707895291646322
}