{
  "epoch": 16,
  "eval_loss": 0.8349072186040206,
  "eval_accuracy": 0.6898395721925134,
  "precision": 0.659115060246862,
  "recall": 0.5621837101069618,
  "f_score": 0.5882079318395261,
  "global_step": 3168,
  "loss": 0.09057806257931691,
  "epoch_time_minutes": 5.717549188931783,
  "total_time_hours": 2.020317690902286
}