{
  "epoch": 15,
  "eval_loss": 0.8525910486637707,
  "eval_accuracy": 0.6755793226381461,
  "precision": 0.6512974833808167,
  "recall": 0.5332798540797684,
  "f_score": 0.5554164923503719,
  "global_step": 2970,
  "loss": 0.09265660975339278,
  "epoch_time_minutes": 6.5276713569959,
  "total_time_hours": 1.9212299090623857
}