{
  "epoch": 22,
  "eval_loss": 0.7598112544543306,
  "eval_accuracy": 0.7201426024955436,
  "precision": 0.6883163970769992,
  "recall": 0.6130954305487646,
  "f_score": 0.6390926968346176,
  "global_step": 4356,
  "loss": 0.08375342975622453,
  "epoch_time_minutes": 5.718584533532461,
  "total_time_hours": 2.6046061415142483
}