{
  "epoch": 12,
  "eval_loss": 0.9039070681786873,
  "eval_accuracy": 0.6381461675579323,
  "precision": 0.5773717087782345,
  "recall": 0.45965026132984926,
  "f_score": 0.45999024686402507,
  "global_step": 2376,
  "loss": 0.10853307085029734,
  "epoch_time_minutes": 6.802169120311737,
  "total_time_hours": 1.5718294666873085
}