{
  "epoch": 10,
  "eval_loss": 0.9289779772221203,
  "eval_accuracy": 0.6274509803921569,
  "precision": 0.4586646724001828,
  "recall": 0.4188767108705261,
  "f_score": 0.39848106839330505,
  "global_step": 1980,
  "loss": 0.12363734556444037,
  "epoch_time_minutes": 6.868495007356008,
  "total_time_hours": 1.334121110505528
}