{
  "epoch": 6,
  "eval_loss": 0.9976167301057091,
  "eval_accuracy": 0.5552584670231729,
  "precision": 0.48599752444059025,
  "recall": 0.3664580832519794,
  "f_score": 0.34537141596551213,
  "global_step": 1188,
  "loss": 0.16645961422590339,
  "epoch_time_minutes": 7.204921627044678,
  "total_time_hours": 0.8453653504451116
}