{
  "epoch": 11,
  "eval_loss": 0.9187171778208773,
  "eval_accuracy": 0.6283422459893048,
  "precision": 0.5483528519673098,
  "recall": 0.44005612621765033,
  "f_score": 0.43173575600996167,
  "global_step": 2178,
  "loss": 0.11463906906498303,
  "epoch_time_minutes": 6.998900095621745,
  "total_time_hours": 1.4545208070013258
}