{
  "epoch": 26,
  "eval_loss": 0.7333068919013923,
  "eval_accuracy": 0.7245989304812834,
  "precision": 0.6860915200871617,
  "recall": 0.6226778262319871,
  "f_score": 0.6457429848151124,
  "global_step": 5148,
  "loss": 0.08116908052807334,
  "epoch_time_minutes": 5.551265708605448,
  "total_time_hours": 2.988950877520773
}