{
  "epoch": 31,
  "eval_loss": 0.7165130322248163,
  "eval_accuracy": 0.7263814616755794,
  "precision": 0.6811815364610396,
  "recall": 0.6347813615379369,
  "f_score": 0.6532419391416681,
  "global_step": 6138,
  "loss": 0.07655532029252382,
  "epoch_time_minutes": 5.720953611532847,
  "total_time_hours": 3.4728424268960953
}