{
  "epoch": 2,
  "eval_loss": 1.056390513836498,
  "eval_accuracy": 0.4857397504456328,
  "precision": 0.3464992162601164,
  "recall": 0.34692431478948754,
  "f_score": 0.34329000012052796,
  "global_step": 396,
  "loss": 0.19464140472547065,
  "epoch_time_minutes": 6.9156555016835535,
  "total_time_hours": 0.3547133438454734
}