{
  "epoch": 18,
  "eval_loss": 0.8041064772807377,
  "eval_accuracy": 0.7040998217468806,
  "precision": 0.670037044924025,
  "recall": 0.5819231858075119,
  "f_score": 0.6081975687397935,
  "global_step": 3564,
  "loss": 0.08775786559724208,
  "epoch_time_minutes": 5.7439833879470825,
  "total_time_hours": 2.2174051823218663
}