{
  "epoch": 13,
  "eval_loss": 0.886706208679038,
  "eval_accuracy": 0.6532976827094474,
  "precision": 0.5995194288528976,
  "recall": 0.48577688781599787,
  "f_score": 0.49380495027896026,
  "global_step": 2574,
  "loss": 0.10035919450551459,
  "epoch_time_minutes": 7.041208632787069,
  "total_time_hours": 1.6938954877853394
}