{
  "epoch": 25,
  "eval_loss": 0.7383413243461663,
  "eval_accuracy": 0.7219251336898396,
  "precision": 0.6843906585540444,
  "recall": 0.615898248143957,
  "f_score": 0.640143795983115,
  "global_step": 4950,
  "loss": 0.08155083733159792,
  "epoch_time_minutes": 5.6203574419021605,
  "total_time_hours": 2.893194266160329
}