{
  "epoch": 7,
  "eval_loss": 0.9802448648801991,
  "eval_accuracy": 0.5846702317290553,
  "precision": 0.4538086321363932,
  "recall": 0.3829441623917977,
  "f_score": 0.3592716484998173,
  "global_step": 1386,
  "loss": 0.153972146308647,
  "epoch_time_minutes": 7.179880690574646,
  "total_time_hours": 0.9687413906388812
}