{
  "epoch": 8,
  "eval_loss": 0.9675178569807134,
  "eval_accuracy": 0.5918003565062389,
  "precision": 0.43663603918173205,
  "recall": 0.3929502376261867,
  "f_score": 0.370320991644521,
  "global_step": 1584,
  "loss": 0.14320845735148063,
  "epoch_time_minutes": 7.350313266118367,
  "total_time_hours": 1.0955135661363602
}