{
  "epoch": 20,
  "eval_loss": 0.7775762702377749,
  "eval_accuracy": 0.714795008912656,
  "precision": 0.6810280452365444,
  "recall": 0.6054259127204917,
  "f_score": 0.6310452502044808,
  "global_step": 3960,
  "loss": 0.08568679524480172,
  "epoch_time_minutes": 5.65402702887853,
  "total_time_hours": 2.41211835026741
}