{
  "epoch": 30,
  "eval_loss": 0.7192466061719707,
  "eval_accuracy": 0.7254901960784313,
  "precision": 0.6813419076043989,
  "recall": 0.6360234731276393,
  "f_score": 0.6541984017098919,
  "global_step": 5940,
  "loss": 0.0773227092792403,
  "epoch_time_minutes": 5.657691244284312,
  "total_time_hours": 3.3742972748147118
}