{
  "epoch": 17,
  "eval_loss": 0.8186425533093197,
  "eval_accuracy": 0.6942959001782532,
  "precision": 0.6576278159007976,
  "recall": 0.5659446361344539,
  "f_score": 0.5907673685683842,
  "global_step": 3366,
  "loss": 0.08944011239698098,
  "epoch_time_minutes": 5.649571871757507,
  "total_time_hours": 2.1181990604930454
}