{
  "epoch": 4,
  "eval_loss": 1.021489121544529,
  "eval_accuracy": 0.5472370766488414,
  "precision": 0.3799757818416298,
  "recall": 0.3540785341681518,
  "f_score": 0.3344173354093029,
  "global_step": 792,
  "loss": 0.18664895435736614,
  "epoch_time_minutes": 7.1491505861282345,
  "total_time_hours": 0.6004718132151498
}