{
  "epoch": 1,
  "eval_loss": 1.0719588667574063,
  "eval_accuracy": 0.4215686274509804,
  "precision": 0.33957663020163026,
  "recall": 0.3380048833291623,
  "f_score": 0.3355209599121391,
  "global_step": 198,
  "loss": 0.20564451929908129,
  "epoch_time_minutes": 7.049935535589854,
  "total_time_hours": 0.23731730726030137
}