{
  "epoch": 3,
  "eval_loss": 1.0412105775215257,
  "eval_accuracy": 0.517825311942959,
  "precision": 0.37767144426489474,
  "recall": 0.3566710712942475,
  "f_score": 0.34741843611022366,
  "global_step": 594,
  "loss": 0.19191022136676236,
  "epoch_time_minutes": 7.138535837332408,
  "total_time_hours": 0.47746643986966875
}