{
  "epoch": 34,
  "eval_loss": 0.7116979146507424,
  "eval_accuracy": 0.7254901960784313,
  "precision": 0.680104020037405,
  "recall": 0.6377630971551528,
  "f_score": 0.6550580866077199,
  "global_step": 6732,
  "loss": 0.07408863274181414,
  "epoch_time_minutes": 5.695738732814789,
  "total_time_hours": 3.7580572909779018
}