text	label_rumor
RT @ ltsChuckBass : $T$ is everything # MCM	0
RT @ ltsChuckBass : Chuck Bass is everything $T$	0
$T$ September 7 - - - - Shut Down New York City	0
Millions For Trayvon September 7 - - - - Shut Down $T$	0
Me as $T$ .	0
Former $T$ boss Rod Petricevic will be released from jail next month .	0
Former Bridgecorp boss $T$ will be released from jail next month .	0
Tried $T$ for an out of game Halo 5 experience and holograms are totally awesome # E3	0
Tried HoloLens for an out of game Halo 5 experience and holograms are totally awesome $T$	0
RT @ BBC Travel : Chasing light and shadows in beautiful $T$ : # architecture	0
RT @ MySportsLegion : $T$ is already wearing a Johnny Football Browns jersey . ( via @ WFNYScott )	0
RT @ MySportsLegion : LeBron James is already wearing a $T$ Football Browns jersey . ( via @ WFNYScott )	0
RT @ MySportsLegion : LeBron James is already wearing a Johnny $T$ jersey . ( via @ WFNYScott )	0
RT @ arasmusKTVU : # BaytoBreakers race delayed because of unstable arch at $T$ ( per Mayors office ) # KTVU	0
RT @ arasmusKTVU : # BaytoBreakers race delayed because of unstable arch at Hayes st hill ( per Mayors office ) $T$	0
$T$ gov candidate Kirk Dillard greets supporters as the race tightens on primary election night	0
GOP gov candidate $T$ greets supporters as the race tightens on primary election night	0
RT @ BI Defense : $T$ scrambles Typhoon jets to see off Russian bombers	1
$T$ tells # Congobrazza to do more to attract foreign companies in agriculture	0
Hanging out with $T$ # Blackhawks # WinterClassic	0
Hanging out with Corey $T$ # WinterClassic	0
RT @ ESPN FirstTake : I think he should STAY in $T$ . - @ stephenasmith # RevisFuture	0
$T$ holds its own mini - parade around 70th anniversary of WWII victory : https : t . co JNz6Ocp595	0
Taiwan holds its own mini - parade around 70th anniversary of $T$ victory : https : t . co JNz6Ocp595	0
. @ TheSwonBrothers @ SwonBrothers Performing July 24th at the $T$	0
RT @ nytimes : A French take on tagine , from $T$	0
RT @ thehill : Poll : $T$ amp Trump lead 2016 GOP field	0
RT @ thehill : Poll : Bush amp $T$ lead 2016 GOP field	0
RT @ thehill : Poll : Bush amp Trump lead 2016 $T$ field	0
RT @ business : $T$ is now almost twice as valuable as the next biggest company on Earth	0
RT @ barrabest : A great photo of $T$ . Taken @ DeeGregg .	0
$T$ celebrates his goal , but the good times didn ' t last . # Blackhawks fall :	0
Brent Seabrook celebrates his goal , but the good times didn ' t last . $T$ fall :	0
This is a fantastic idea - a purifying wave pool for surfers built into the $T$ :	0
RT @ Cosmopolitan : It ' s OK if these sexy shirtless photos of TFIOS ' $T$ makes you . . . feel things	0
RT @ BarackObama : # ClimateChangeIsReal . So are the actions $T$ is taking to tackle it .	0
RT @ Swiftwriting : $T$ looking absolutely flawless at the BBC Teen Awards .	0
RT @ Swiftwriting : Taylor looking absolutely flawless at the $T$ .	0
@ Louis Garneau Join I Am Able : a handicap cycling team that originated in $T$ .	0
RT @ NATO : $T$ appoints @ jensstoltenberg as # NATO SG as of October 1st 2014	0
RT @ NATO : North Atlantic Council appoints @ jensstoltenberg as $T$ SG as of October 1st 2014	0
RT @ htmgarcia : Drones are banned in $T$ - I expected this could be a gossip # Japan	0
RT @ htmgarcia : Drones are banned in # Hiroshima Peace Memorial Park - I expected this could be a gossip $T$	0
Results from @ IronTrac for $T$ @ # Ironman # Raleigh 70 . 3 2014	0
Results from @ IronTrac for Christine Allen @ # Ironman $T$ 70 . 3 2014	0
# TBT 2 months ago today this pic was taken during # Sochi2014 final . What was @ SledSweeney13 saying to $T$ ?	0
Check out the summer issue of @ familytraveller they give you the best tips for a family to discover $T$ in 48h !	0
RT @ HistoryPixs : $T$ when she was only 16 years old .	0
RT @ WildWiseDevon : In the spring , at the end of the day , you should smell like dirt . $T$	0
RT @ MrFox13 : $T$ need to go here with the boys	0
Swan upping : first stop $T$ , Tower Bridge ( Tower and Olympic rings in the background )	0
Swan upping : first stop Hermitage Warf , $T$ ( Tower and Olympic rings in the background )	0
Swan upping : first stop Hermitage Warf , Tower Bridge ( $T$ and Olympic rings in the background )	0
Swan upping : first stop Hermitage Warf , Tower Bridge ( Tower and $T$ rings in the background )	0
This passes for snow in $T$ # blackhawks # winterclassic	0
This passes for snow in DC $T$ # winterclassic	0
RT @ thinkprogress : $T$ and the invisible plight of black women in the justice system	0
RT @ LadyGagaNowNet : $T$ getting a drink at the bar at The Oscars 2014 .	0
RT @ LadyGagaNowNet : Lady Gaga getting a drink at $T$ bar at The Oscars 2014 .	0
RT @ LadyGagaNowNet : Lady Gaga getting a drink at the bar at $T$ 2014 .	0
@ BetterCallSaul : Happy birthday , $T$ ! Happy birthday , master !	0
$T$ and SDU Campus Kolding have been awarded The International Architecture Award	0
Moesgaard Museum and $T$ have been awarded The International Architecture Award	0
Moesgaard Museum and SDU Campus Kolding have been awarded $T$	0
RT @ AnimalsAsia : Special Report : Dog meat wars : 5 stories that shocked $T$	0
RT @ Steve OS : $T$ Achievement Unlocked	0
BREAKING NEWS : $T$ youngster Junior Malanda has died in a car accident , according to BILD .	1
BREAKING NEWS : Wolfsburg youngster $T$ has died in a car accident , according to BILD .	1
BREAKING NEWS : Wolfsburg youngster Junior Malanda has died in a car accident , according to $T$ .	1
RT @ zgarrison3 : @ ukghosthunting $T$ According to Herman Klein , it was taken in 1898 : )	0
RT @ zgarrison3 : @ ukghosthunting The Elixir Of Youth According to $T$ , it was taken in 1898 : )	0
One week to go until our visit to the Australian Embassy in $T$ for morning tea with the Ambassador .	0
RT @ BobBuckhorn : $T$ opens new lacrosse stadium . Generous donation from Vince Namoli made it happen .	0
RT @ BobBuckhorn : U of Tampa opens new lacrosse stadium . Generous donation from $T$ made it happen .	0
@ harunmaruf : Outside # BuloMarer , $T$ commander Gen . Dick Olum finds a souvenir after al # shabab were overwhelmed !	0
@ harunmaruf : Outside # BuloMarer , AMISOM commander $T$ . Dick Olum finds a souvenir after al # shabab were overwhelmed !	0
@ harunmaruf : Outside # BuloMarer , AMISOM commander Gen . $T$ finds a souvenir after al # shabab were overwhelmed !	0
RT @ buziosglobalusa : $T$ in # Tokyo Station # HappyHolidays	0
RT @ buziosglobalusa : # Christmas in $T$ # HappyHolidays	0
So sorry to hear about $T$ and Kris Medlen needing # TommyJohn again . Great pitchers .	0
So sorry to hear about Jarrod Parker and $T$ needing # TommyJohn again . Great pitchers .	0
RT @ InsideHoops : $T$ update :	0
Honored to be here in $T$ @ jworldwatch IWitness Award given to Intel 4 commitment to only use conflict free minerals	0
Honored to be here in LA @ jworldwatch IWitness Award given to $T$ commitment to only use conflict free minerals	0
Second awesome event of the day : Open Schools $T$ launch @ GroundTruthIn @ DGateway @ OpenGovHub	0
RT @ favecrushes : $T$ before and after	0
RT @ MarinaConcert : $T$ meeting diamonds after the show tonight ! ! !	0
# Cancer patient $T$ and family pose with @ NdamukongSuh for the # GameOnCancer fundraising campaign .	0
RT @ THEMAZElSACODE : RT if $T$ is your favorite character in The Maze Runner trilogy !	0
This is where $T$ Lincoln was not only born , but raised . Amy Schumer at Lincoln Center	0
This is where Abe $T$ was not only born , but raised . Amy Schumer at Lincoln Center	0
This is where Abe Lincoln was not only born , but raised . $T$ at Lincoln Center	0
This is where Abe Lincoln was not only born , but raised . Amy Schumer at $T$	0
RT @ 1D Beards : Real life $T$ ? I think so . - Blaze	0
RT @ chicagotribune : Update : $T$ says no planes in U . S . destined to cross Midwest can depart until at least 10 a . m . h	0
RT @ chicagotribune : Update : FAA says no planes in U . S . destined to cross $T$ can depart until at least 10 a . m . h	0
RT @ EarthBeauties : $T$ , California	0
RT @ EarthBeauties : San Francisco , $T$	0
RT @ ABCFpll : RT if you would want $T$ to bring you pie ! # FatalFinale	0
10 Tips for Better Smartphone Photography from $T$ Founder Flo Meissner	0
10 Tips for Better Smartphone Photography from EyeEm Founder $T$	0
RT @ lindsapple : In two years , $T$ has aged 10 years and also become the Hulk .	0
RT @ lindsapple : In two years , Bryce Harper has aged 10 years and also become the $T$ .	0
. @ RoKhannaUSA visited $T$ today , what a great community in # Milpitas # CA17	0
. @ RoKhannaUSA visited Good Shepherd Community Church today , what a great community in $T$ # CA17	0
RT @ Lokatza ZE : @ MikelAristi Seguran garaile . ZORIONAK MIKEL ! ! $T$ # TXIRRINDULARITZA	0
RT @ JasperBol : Exercising replenishment at sea approaches en route $T$ !	0
RT @ CIothesPorn : $T$ defender Julie Johnston is perfection	0
RT @ CIothesPorn : USA defender $T$ is perfection	0
Hmm , my trip to # NewYork this Friday looks quite . . refreshing . Just like going back home to $T$ : ) # snow # travel	0
RT @ cherylmcnamara : To change everything we need everyone . At Mayday studio in $T$ . Artists prep for # PeoplesMarch .	0
$T$ at # LiarTimesNow rubbishes everyone who produces a counter opinion ! Unhealthy debates and opinionated agenda !	0
RT @ robindbrant : rifkind statement to the $T$ over cash for access claims from daily telegraph channel 4	0
NEW : Incredibly $T$ Born in the Streets , by David Zinn -	0
NEW : Incredibly Quirky Chalk Art Born in the Streets , by $T$ -	0
$T$ thought we all need to have the courage to be wise , as though something is precluding us	0
$T$ in a mascot suit on Shark Tank	0
Ahem @ inallthechaos haha : ) RT @ heyitskenn @ FootyHumour Where it all went wrong for $T$	0
Children were part of history in $T$ , 1965 : # OccupySELMA	0
Need a $T$ ? We can help	0
RT @ FemalePains : $T$ still trying to find those 75 , 000 earrings that Kim lost in the ocean	0
RT @ FemalePains : Kris still trying to find those 75 , 000 earrings that $T$ lost in the ocean	0
RT @ KardashianReact : $T$ loves his wife so he holds her hand . Kanye loves Kanye so he holds Kanye hand .	0
RT @ KardashianReact : John loves his wife so he holds her hand . $T$ loves Kanye so he holds Kanye hand .	0
RT @ KardashianReact : John loves his wife so he holds her hand . Kanye loves $T$ so he holds Kanye hand .	0
RT @ KardashianReact : John loves his wife so he holds her hand . Kanye loves Kanye so he holds $T$ hand .	0
RT @ bloemhof54 : There are always flowers for those who want to see them . - $T$	0
RT @ shaunwalker7 : Lord , $T$ has an entire section of mad books about Ukraine	0
RT @ shaunwalker7 : Lord , Dom Knigi has an entire section of mad books about $T$	0
RT @ SoonerScoop : # Sooners latest commitment CB Parrish Cobb ( @ pcthedb4 ) of $T$ before his first scrimmage of the year .	0
RT @ ksatnews : SAFD : People trapped in elevator at $T$ # KSATnews	0
RT @ washingtonpost : Human safaris in the $T$ may put uncontacted tribes at risk	0
First day of school in $T$ and at Cameron Elementary . This kindergartener wasn ' t impressed by the mayoral visit	0
First day of school in Chicago and at $T$ . This kindergartener wasn ' t impressed by the mayoral visit	0
Currency is participation and social engagement . RT @ LesaUkman IEG : $T$ speaking at # IEG2013 , @ Movember	0
RT @ ThisIsRobThomas : A Message from $T$ https : t . co erjtQifL80	0
Join us today at 9am amp 11am as Pastor $T$ brings a powerful message on how God has created you to change the game !	0
Resolved : $T$ are the best snack food on the market .	0
RT @ Luke5SOS : $T$ and Luigi dominated the dance floor as per usual	0
RT @ Luke5SOS : Mario and $T$ dominated the dance floor as per usual	0
$T$ officer injured after vehicle flips at Ashland Montrose . Intersection closed , avoid	0
RT @ ZaibatsuPlanet : Pink Morning by $T$ # photo	0
RT @ timring3TV : Meet $T$ high - level prospect Anthony Duclair tonight at 6 : 25 on @ 3TVSports	0
RT @ timring3TV : Meet Coyotes high - level prospect $T$ tonight at 6 : 25 on @ 3TVSports	0
My view at breakfast today . $T$ .	0
$T$ expands Calibre 110 collection with new Calibre 111 RT @ elevenjames	0
Oris expands $T$ collection with new Calibre 111 RT @ elevenjames	0
Oris expands Calibre 110 collection with new $T$ RT @ elevenjames	0
Contact $T$ to outlaw puppy mills in 2015 . @ ALDF has taken the lead please RT	0
$T$ family says Keith left a good job w family business and was aware of dangers fighting ISIS # FOX25	0
Broomfield family says $T$ left a good job w family business and was aware of dangers fighting ISIS # FOX25	0
Broomfield family says Keith left a good job w family business and was aware of dangers fighting $T$ # FOX25	0
$T$	0
RT @ ermnarry : Retweet if they are your source of happiness # Vote1D $T$	0
Free drinks ? Magic ! Register your $T$ amp start earning the way to Gold : # goforgold	0
RT @ PaulHeggenWSMV : Tornado Warning for $T$ county . Rotation just south of Lebanon .	0
RT @ PaulHeggenWSMV : Tornado Warning for Wilson county . Rotation just south of $T$ .	0
Visiting $T$ , The Philippines via @ michaelturtle # ttot # travel # volcano	0
Visiting Taal Volcano , The $T$ via @ michaelturtle # ttot # travel # volcano	0
Ladies and gentlemen , I present $T$ -	0
Single vehicle crash into light pole closes $T$ intersection .	0
RT @ Inspiredneuron : When I let go of what I have , I receive what I need - $T$	0
Thanks $T$ for # Hagerstown bike tour	0
Thanks # CVCC for $T$ bike tour	0
RT @ MuggleNet : Wishing $T$ a very Happy Birthday today ! # HappyBirthdayMaggieSmith	0
RT @ LDN : $T$ last night # CharlieHebdo	0
RT @ TheBeautifulCar : $T$	0
RT @ WillHillBet : The $T$ fans gave Xavi a nice send off . # 6raciesXavi # LaLiga	0
RT @ WillHillBet : The Barcelona fans gave $T$ a nice send off . # 6raciesXavi # LaLiga	0
RT @ T twitt : $T$ amp Julie Christie	0
RT @ T twitt : Raquel Welch amp $T$	0
# One2watch $T$ already won 3 # Paralympic medals ! RT if you think he can add some more # Road2Sochi	0
# One2watch Jakub Krako already won 3 $T$ medals ! RT if you think he can add some more # Road2Sochi	0
$T$ by Richard Wagner at the ancient Roman theatre of Athens	0
Flying Dutschman by $T$ at the ancient Roman theatre of Athens	0
Flying Dutschman by Richard Wagner at the ancient $T$ theatre of Athens	0
Flying Dutschman by Richard Wagner at the ancient Roman theatre of $T$	0
RT @ BostonDotCom : 40 years ago today , $T$ schools were ordered to desegregate	0
Walking home from school over blood stains in $T$ , hours after a man died . # NextDayChi 10 :	0
RT @ Rotorfocus : The $T$ is trying out the SABIR pylon on its C - 130Js turning it into a multi - mission platform .	0
RT @ Rotorfocus : The Danish Air Force is trying out the SABIR pylon on its $T$ turning it into a multi - mission platform .	0
$T$ : this Wed nite 7 . 23 - spinning an all - James Brown set before this free film screening at St . Nicholas Park .	0
RT @ Welcome us : . @ Chirlane McCray , wife of $T$ Mayor Bill De Blasio , has Bajan Ghanian ancestry ! # IHM2015	0
RT @ Welcome us : . @ Chirlane McCray , wife of NYC $T$ , has Bajan Ghanian ancestry ! # IHM2015	0
RT @ Welcome us : . @ Chirlane McCray , wife of NYC Mayor Bill De Blasio , has $T$ Ghanian ancestry ! # IHM2015	0
RT @ Welcome us : . @ Chirlane McCray , wife of NYC Mayor Bill De Blasio , has Bajan $T$ ancestry ! # IHM2015	0
Preparing the sand at $T$ for Memorial Day weekend . Chicago beaches open Saturday !	0
Preparing the sand at Hayes Beach for $T$ weekend . Chicago beaches open Saturday !	0
Preparing the sand at Hayes Beach for Memorial Day weekend . $T$ beaches open Saturday !	0
RT @ ShitBsbPlyrsSay : The $T$ made the rookies go get Coffee	0
RT @ AjaySharmaFCO : Delighted to be back in $T$ and that the Embassy has reopened . # UK # Iran	0
RT @ AjaySharmaFCO : Delighted to be back in Tehran and that the Embassy has reopened . $T$ # Iran	0
RT @ AjaySharmaFCO : Delighted to be back in Tehran and that the Embassy has reopened . # UK $T$	0
RT @ StephanieArts : My drawing of @ LaurenSocha as $T$ . Hope you like it ! # Misfits # misstheshow	0
RT @ StephanieArts : My drawing of @ LaurenSocha as Kelly Bailey . Hope you like it ! $T$ # misstheshow	0
RT @ 1DInfectionMNL : $T$ from January 2014 to December 2014 # 14MomentsOfZayn	0
RT @ CHANBAEKUNION : VOTE FOR BAEKHYUN AS $T$ PRESIDENT . HAHAHAHHAA : D ( cr . garcon )	0
Great run today in $T$ in Glenwood Springs , CO .	0
Great run today in White River National Forest in $T$ , CO .	0
Expressive portraits of people from all walks of life by $T$	0
RT @ DierksBentley : $T$ : You lit it up tonight ! # SoldierField	0
RT @ iArunJ : Interesting piece by @ Sportingabhi : Eng v $T$ : stats suggest Fletcher should go	0
RT @ iArunJ : Interesting piece by @ Sportingabhi : Eng v India : stats suggest $T$ should go	0
$T$ Updates AdWords Keyword Qual . . . # google # SEO # Socialmedia	0
Google Updates $T$ Keyword Qual . . . # google # SEO # Socialmedia	0
Google Updates AdWords Keyword Qual . . . $T$ # SEO # Socialmedia	0
RT @ l elwood : $T$ shares the importance of partnerships at # OTEW2014 # tl	0
RT @ FRANCE24 : New documents shed light on $T$ failings 20 years on	0
RT @ TheOnion : $T$ Admits Role In 1985 Coup To Oust David Lee Roth	0
RT @ TheOnion : CIA Admits Role In 1985 Coup To Oust $T$	0
RT @ SteveMariucci : Gettin ready for the Draft at Raos - - $T$ ! !	0
RT @ nytimes : How $T$ is worse off than the U . S . in the Great Depression	0
RT @ nytimes : How Greece is worse off than the U . S . in the $T$	0
Man Made Frozen Waterfall from Hot Water Tap Left on all Winter # Crazy # Bizarre $T$	0
Awesome weather at $T$ !	0
$T$ quarterbacks Jimmy Clausen and Jay Cutler take the field to face the Niners in SF	0
# Bears quarterbacks $T$ and Jay Cutler take the field to face the Niners in SF	0
# Bears quarterbacks Jimmy Clausen and $T$ take the field to face the Niners in SF	0
# Bears quarterbacks Jimmy Clausen and Jay Cutler take the field to face the $T$ in SF	0
$T$ gets the gameplan : more pictures # Bulls	0
Kirk Hinrich gets the gameplan : more pictures $T$	0
RT @ ImitationGame : $T$ acknowledges Alan Turing as a true hero . # ImitationGame	0
RT @ ImitationGame : The LGBT community acknowledges $T$ as a true hero . # ImitationGame	0
5 years ago today I was in $T$ on the Picasso , barely ready for the first ballot # chicago2016 # backthebid	0
5 years ago today I was in Daley Plaza on the $T$ , barely ready for the first ballot # chicago2016 # backthebid	0
$T$ on the front page of @ chicagotribune today . Photos and Blair Kamin review :	0
# 1WTC on the front page of @ chicagotribune today . Photos and $T$ review :	0
RT @ HuffPostSports : Legendary $T$ dunker Darryl Dawkins dead at 58	0
RT @ HuffPostSports : Legendary NBA dunker $T$ dead at 58	0
RT @ Ahmed91Gooner : $T$ is back . ( Via @ Stuart PhotoAFC )	0
RT @ PietBrouwerET : Follow our progress on $T$ via a live webcam	0
RT @ AngrygirLcomics : This is a great pic of $T$	0
RT @ 5SOSPHTeam : $T$ is going to be on Ellen . Here are the channels and their schedules .	0
RT @ 5SOSPHTeam : 5SOS is going to be on $T$ . Here are the channels and their schedules .	0
Top 10 Buildings for Luxury Living in $T$	0
RT @ girlposts : I still miss this $T$ though	0
RT @ LittleMix : Hurry up $T$ ! ! ! ! We got a meeting soon ! Xx	0
RT @ allkpop : 2013 revenue from $T$ , YG , and JYP Entertainment revealed	0
RT @ allkpop : 2013 revenue from SM , $T$ , and JYP Entertainment revealed	0
RT @ allkpop : 2013 revenue from SM , YG , and $T$ Entertainment revealed	0
RT @ nflnetwork : Up Next - A Football Life : $T$ . STREAM :	0
RT @ SuicideGirls : $T$ is a photographer from Brazil ! Learn more about this babe at	0
RT @ SuicideGirls : Zad Suicide is a photographer from $T$ ! Learn more about this babe at	0
RT @ TVGuide : Check out a first look at $T$ as Reverse Flash ! # TheFlash	0
RT @ TVGuide : Check out a first look at Tom Cavanagh as $T$ ! # TheFlash	0
$T$ enjoys a birthday bath - - and a blue snout . Join us this weekend : Photo by Sandi Wong	0
Jillian enjoys a birthday bath - - and a blue snout . Join us this weekend : Photo by $T$	0
@ NationalZoo # PandaCam2 Depressed by the shutdown , $T$ the Panda started off her morning with a large glass of wine	0
This beautiful RL bag is in $T$ , China .	0
This beautiful RL bag is in Macau , $T$ .	0
RT @ voxdotcom : The 4 key things $T$ did wrong on its UVA story	0
RT @ voxdotcom : The 4 key things Rolling Stone did wrong on its $T$ story	0
$T$ blasts sensationalists , liars and race - baiters , saying We are done with you . # Louisville	0
River City FOP blasts sensationalists , liars and race - baiters , saying We are done with you . $T$	0
# newUScitizen @ USCIS @ USCIS es $T$ # FourthofJuly	0
$T$ over open innovatie in partnerships .	0
RT @ ManchesterFarmQ : Everybody loves @ Bigbadchef including $T$ @ # biggayms @ citygrit	0
RT @ SlLVERSCREENS : $T$ ( 1989 )	0
$T$ wide receiver Michael Floyd has surgery on fingers	0
Cardinals wide receiver $T$ has surgery on fingers	0
Me and $T$ ( @ DBrooks55 )	0
RT @ HuffPostArts : A woman artist you should know : Moroccan - Born photographer $T$	0
RT @ InnovationUNT : Elevator pitch started - idea : sell back pack in the $T$ to support kids in Columbia .	0
RT @ InnovationUNT : Elevator pitch started - idea : sell back pack in the US to support kids in $T$ .	0
RT @ PATRIOTSdotCOM : # Patriots honored during Red Sox Opening Day at $T$ PHOTOS :	0
$T$ working the check in for the # miba mixer @ MJBAnet	0
Tina Cox working the check in for the $T$ mixer @ MJBAnet	0
RT @ AuthorGiaLee : I ' ve titled this one Interplay of Light amp Shadow . Took it in beautiful $T$ , SC .	0
RT @ AuthorGiaLee : I ' ve titled this one Interplay of Light amp Shadow . Took it in beautiful Columbia , $T$ .	0
One is a former $T$ that was never charged with a crime despite defrauding people . The other is Jon Corzine .	0
One is a former Dem Senator that was never charged with a crime despite defrauding people . The other is $T$ .	0
RT @ HuffingtonPost : $T$ # Emmys	0
RT @ HuffingtonPost : Sarah Hyland $T$	0
$T$ is Suddenly Dangerous to Apple and Google MSFT AAPL GOOGL	0
Microsoft is Suddenly Dangerous to $T$ and Google MSFT AAPL GOOGL	0
Microsoft is Suddenly Dangerous to Apple and $T$ MSFT AAPL GOOGL	0
$T$ , 5 , gets a frozen slushie the day after four people were shot at 35th and Prairie	1
RT @ thehill : New poll has $T$ , Trump in virtual tie at top of GOP 2016 field :	0
RT @ thehill : New poll has Jeb Bush , $T$ in virtual tie at top of GOP 2016 field :	0
RT @ thehill : New poll has Jeb Bush , Trump in virtual tie at top of $T$ 2016 field :	0
RT @ washingtonpost : $T$ ' s 2016 presidential bid starts today	0
RT @ dick nixon : $T$ remains an inspirational figure to young Americans . - RZ @ hellocalla	0
$T$ fans in Chicago ' s Lincoln Park celebrate another # USWNT goal	0
USA fans in $T$ ' s Lincoln Park celebrate another # USWNT goal	0
USA fans in Chicago ' s $T$ celebrate another # USWNT goal	0
USA fans in Chicago ' s Lincoln Park celebrate another $T$ goal	0
$T$ canvass kickoff ! Rishika leading the charge for @ RoKhannaUSA here in # CA17 !	0
# Milpitas canvass kickoff ! $T$ leading the charge for @ RoKhannaUSA here in # CA17 !	0
Feeling and looking like summer in $T$ !	0
RT @ politico : The latest cartoon from $T$ @ wuerker :	0
RT @ LadyGagaNews4U : $T$ with hardly any make - up and looking super hot ! # ARTpop	0
RT @ Defplatform : $T$ idee of het een marineschip is , maar mooi is het wel .	0
$T$ and his dad reflect on fleeing # NOLA to Houston on 10 - yr anniversary of Katrina . # kubball	0
Kelly Oubre and his dad reflect on fleeing $T$ to Houston on 10 - yr anniversary of Katrina . # kubball	0
Kelly Oubre and his dad reflect on fleeing # NOLA to $T$ on 10 - yr anniversary of Katrina . # kubball	0
Kelly Oubre and his dad reflect on fleeing # NOLA to Houston on 10 - yr anniversary of $T$ . # kubball	0
$T$ and the Michigan Avenue street wall . Thanks , Frank Gehry !	0
Pritzker Pavilion and the $T$ street wall . Thanks , Frank Gehry !	0
Pritzker Pavilion and the Michigan Avenue street wall . Thanks , $T$ !	0
@ 1bluecube Hey $T$ how are you ! Please check out this show in Vegas	0
@ 1bluecube Hey Tami how are you ! Please check out this show in $T$	0
RT @ NBAMemes : Sorry $T$ ! # NBAPlayoffs	0
RT @ NikeTennis : $T$ Presents : @ MariaSharapova .	0
RT @ piercearrow33 : $T$ by KutubUddin	0
RT @ piercearrow33 : Orange - tip Butterfly by $T$	0
$T$ Tumbles to Samsung as Smartphone Shipment Leader	0
Apple Tumbles to $T$ as Smartphone Shipment Leader	0
RT @ btiflCINEMA : $T$ ( 2014 ) Dir . Morten Tyldum	0
$T$ snow !	0
Defenseman $T$ ( @ ABitetto7 ) has inked a 1 - year deal to remain with the # Preds - - gt	0
Defenseman Anthony Bitetto ( @ ABitetto7 ) has inked a 1 - year deal to remain with the $T$ - - gt	0
Usually sceptical of celebrities : $T$ is different with consistent commitment - in tradition of . @ miafarrow	0
RT @ LesaMonroe : $T$ : How long have you been a Republican ? Trump :	0
RT @ LesaMonroe : Megyn Kelly : How long have you been a $T$ ? Trump :	0
RT @ LesaMonroe : Megyn Kelly : How long have you been a Republican ? $T$ :	0
RT @ Stratfor : In $T$ , natural gas drives renewed engagement with the United States .	0
RT @ Stratfor : In Bolivia , natural gas drives renewed engagement with the $T$ .	0
RT @ MovieRelateable : $T$	0
RT @ WorIdStarComedy : Shorty bought that already cooked chicken from $T$ and . . . NAH . NOPE . NO .	0
$T$ readies the next generation of players from Middle Tennessee - - gt	0
# Preds Hockey School readies the next generation of players from $T$ - - gt	0
RT @ ProfDauber : @ MeredithFrost ALL MEN MUST DIE cc : @ GameOfThrones # GameOfThrones $T$	0
Check out our last back to school photo album on $T$ ! # FortCollins # Wellington	0
What will $T$ reveal here at the # AppleEvent ? Apple using about half of the Civic for seats , the other for a stage	0
What will Apple reveal here at the # AppleEvent ? $T$ using about half of the Civic for seats , the other for a stage	0
RT @ chef100 : Chinese new year at $T$ @ chandco	0
RT @ MDBiz : Get to know the $T$ ! Check out this feature on Berlin , Maryland .	0
RT @ MDBiz : Get to know the Eastern Shore ! Check out this feature on $T$ , Maryland .	0
RT @ MDBiz : Get to know the Eastern Shore ! Check out this feature on Berlin , $T$ .	0
RT @ SportsNation : $T$ . . . how does it feel to have the most missed FGs in NBA history ?	0
RT @ SportsNation : Kobe . . . how does it feel to have the most missed $T$ in NBA history ?	0
RT @ SportsNation : Kobe . . . how does it feel to have the most missed FGs in $T$ history ?	0
RT @ soompi : Happy Birthday to Actor $T$ ! ( ) # Happy28thBirthdayLeeMinHo	0
RT @ Olympics : Team $T$ # OpeningCeremony	0
RT @ BeschlossDC : Young $T$ writes President Franklin Roosevelt 1940 asking for 10 bill : # NARA	0
RT @ BeschlossDC : Young Fidel Castro writes $T$ 1940 asking for 10 bill : # NARA	0
RT @ BeschlossDC : Young Fidel Castro writes President Franklin Roosevelt 1940 asking for 10 bill : $T$	0
Um . . . Is $T$ the worst prime minister in history ? PART TWO National @ NatObserver # cdnpoli	0
Congratulations to 2016 # MissAmerica STEM Scholarship Award winner , @ MissAmericaTN $T$ .	0
@ JimFlaherty : It has been an honour to serve $T$ . Thank you for the opportunity . ur services r truly appreciated	0
She loves the camera . He does not like $T$ . Thanks for being a good sport Santa . # tbomb # kodabug # christmas201 . . .	1
She loves the camera . He does not like Santa . Thanks for being a good sport $T$ . # tbomb # kodabug # christmas201 . . .	1
RT @ Irenie M : # Retweet this to share why one former $T$ Senator and Vietnam Veteran is supporting Barack # Obama : v . . .	0
RT @ Irenie M : # Retweet this to share why one former # GOP Senator and $T$ Veteran is supporting Barack # Obama : v . . .	0
RT @ Irenie M : # Retweet this to share why one former # GOP Senator and Vietnam Veteran is supporting $T$ # Obama : v . . .	0
RT @ Irenie M : # Retweet this to share why one former # GOP Senator and Vietnam Veteran is supporting Barack $T$ : v . . .	0
$T$ loves @ UCLAFootball # gobruins # BeatSC	0
RT @ rolandgarros : Can you say trophy biter ? $T$ and another one here at # RG13	0
How many $T$ does it take to change a tire ? 1 unless it ' s a blowout then they all show up . D . Forward # PETS2015	0
$T$ Istanbul Case Pending in Constitutional Court	0
KCK $T$ Case Pending in Constitutional Court	0
KCK Istanbul Case Pending in $T$	0
$T$ ' Jay Cutler in the Tribune today , and more # Bears photos :	0
Fumblin ' $T$ in the Tribune today , and more # Bears photos :	0
Fumblin ' Jay Cutler in the $T$ today , and more # Bears photos :	0
Fumblin ' Jay Cutler in the Tribune today , and more $T$ photos :	0
RT @ imgutsy : Beautiful $T$ in the East Coast # airisbetterouthere	0
RT @ imgutsy : Beautiful Christmas in the $T$ # airisbetterouthere	0
$T$	0
Congrats to TWO # MariettaAward winners , $T$ amp Christine at PF Indianapolis , IN . Keep making members feel welcome !	0
Congrats to TWO # MariettaAward winners , Ashley amp $T$ at PF Indianapolis , IN . Keep making members feel welcome !	0
Congrats to TWO # MariettaAward winners , Ashley amp Christine at $T$ , IN . Keep making members feel welcome !	0
Congrats to TWO # MariettaAward winners , Ashley amp Christine at PF Indianapolis , $T$ . Keep making members feel welcome !	0
RT @ CauseWereGuys : $T$ lmao	0
RT @ DanceGoaIs : $T$ killed it !	1
RT @ NPRrussell : $T$ arrives in Selma to cheers as his motorcade drives over the Edmund Pettus Bridge .	0
RT @ NPRrussell : President Obama arrives in $T$ to cheers as his motorcade drives over the Edmund Pettus Bridge .	0
RT @ NPRrussell : President Obama arrives in Selma to cheers as his motorcade drives over the $T$ .	0
RT @ arrangemygroup : Thanks to $T$ @ hotelfootballuk for the showround . We love the roof terrace # arrangemy	0
$T$ on prepping for @ WolfHallThePlay each day : I run around the auditorium racing through the stalls !	0
From such great heights . . . # chicago showing off from the $T$ building roof # skyline # pano	0
RT @ HC WSHC : # WSHC Semifinal $T$ vs . United States Live Statistics amp Webcast :	0
RT @ USNavy : NOW : Watch as we remember our fallen in $T$ - # ChattanoogaStrong	0
# Royal Exhibition Building $T$ and its # CarltonGardens @ Hyp Radio # UNESCO for visiting !	0
# Royal Exhibition Building # Australia and its # CarltonGardens @ Hyp Radio $T$ for visiting !	0
$T$ heads in Millennium Park	0
Jaume Plensa heads in $T$	0
RT @ DisneyParks : PHOTOS : Learn more about traveling through $T$ with Adventures by Disney :	0
RT @ DisneyParks : PHOTOS : Learn more about traveling through Austria with Adventures by $T$ :	0
RT @ Gabriele Corno : Cherry blossoms in $T$ # inspiration # sakura # CGE # pink	0
Stunning sports photography by $T$	0
RT @ WSJ : $T$ is one of many dogs helping search for victims of the Washington mudslide : ( Reuters )	0
RT @ WSJ : Tryon is one of many dogs helping search for victims of the $T$ mudslide : ( Reuters )	0
RT @ TWCNewsBuffalo : The @ ECDOH to hold clinics after employee at $T$ tested positive for Hepatitis A . http	0
This lady is rocking the red AND her tenth tony nomination . Tune in now for $T$ ! # NY1Tonys	0
RT @ CoachJim4UM : . @ coachjeddfisch Dr . Paul $T$ Me and 3D Charles Woodson @ Mottchildren	0
RT @ CoachJim4UM : . @ coachjeddfisch Dr . Paul Cederna Me and 3D $T$ @ Mottchildren	0
RT @ coleanderson23 : I got a picture with $T$ @ brady banuelos	0
Road Trip To $T$ , Mexico : explore sights around Cancun # exploremexico # expat # gonative	0
Road Trip To Valladolid , $T$ : explore sights around Cancun # exploremexico # expat # gonative	0
Road Trip To Valladolid , Mexico : explore sights around $T$ # exploremexico # expat # gonative	0
RT @ iuwrestling1 : Congrats $T$ on a great season and great career ! # d1wrestle # GoIU	0
What a night . Happy birthday $T$ .	0
6 Ways to Open Your Life up to Cosmic Energy - $T$ # spirituality # cosmicenergy	0
Folks from $T$ St . Paul checking out the Next Generation learning spaces in the EHS Media Center . # eLearning2	0
Folks from North St . Paul checking out the Next Generation learning spaces in the $T$ . # eLearning2	0
Now , in a cab to $T$ to see the fam !	0
RT @ RefugeeRRights : $T$ High Commissioner for Refugees Statement on Refugee Crisis in Europe	0
RT @ RefugeeRRights : UN High Commissioner for Refugees Statement on Refugee Crisis in $T$	0
RT @ AthIetesDesire : $T$ is a genius	0
RT @ KalieyKhristen : $T$ was like	0
Energy - rich $T$ devalues currency against dollar	0
Busy day for lobbying at the legislative building in $T$ . Addressing everything from coal ash to film incentives .	0
Makeup and hair by @ alexlamarsh photo by $T$ model is @ LewisValleau of @ WOLVVESNYC styling @ YOUANDIAREHEREx	0
RT @ Deadspin : The $T$ made it through airport security :	0
RT @ TheMavsQueen : Bro . I love $T$ amp every thing he stands for .	0
RT @ MichelleDenisee : Best $T$ of the day goes to @ curtislepore	0
RT @ davidmwessel : Stan who needs a tie anyhow $T$ at ECB conference in Sintra with Draghi .	0
RT @ davidmwessel : Stan who needs a tie anyhow Fischer at $T$ conference in Sintra with Draghi .	0
RT @ davidmwessel : Stan who needs a tie anyhow Fischer at ECB conference in $T$ with Draghi .	0
RT @ davidmwessel : Stan who needs a tie anyhow Fischer at ECB conference in Sintra with $T$ .	0
RT @ timelessbae : $T$ Left Eye Lopez 90s	0
RT @ timelessbae : Lisa $T$ Lopez 90s	0
RT @ timelessbae : Lisa Left Eye $T$ 90s	0
# MontageMonday best career moments of # one2watch $T$ , @ Paralympic champion from @ RussianParalymp	0
$T$ just bought a 590 million stake in a smartphone maker	0
$T$ Thoughts on # Ferguson from @ VDHanson , Robert Woodson , @ JohnKavanagh , amp @ mikescintoshow !	0
The Seth Leibsohn Show Thoughts on $T$ from @ VDHanson , Robert Woodson , @ JohnKavanagh , amp @ mikescintoshow !	0
The Seth Leibsohn Show Thoughts on # Ferguson from @ VDHanson , $T$ , @ JohnKavanagh , amp @ mikescintoshow !	0
RT @ alphabetsuccess : Success in any relationship or endeavor begins with trust . - $T$ # quote	0
RT @ ESPN Numbers : Everyone reacting to $T$ being traded to the JETS . . .	0
RT @ ESPN Numbers : Everyone reacting to Percy Harvin being traded to the $T$ . . .	0
How happy is $T$ to have an Inter home shirt with a collar for 2 years running ? The man loves a popped collar .	0
How happy is Icardi to have an $T$ home shirt with a collar for 2 years running ? The man loves a popped collar .	0
$T$ next to Nissan rear - ended in hit and run . Police investigating possible connection	0
Today in emails unintentionally sent to me : dental records for a man named $T$	0
. @ Adidas amp @ Nike compete in race to build factories in the $T$ # MadeinUSA	0
RT @ andrewrsorkin : Very Intersting Perspective : $T$ is Acting Like Congress	0
Love to my $T$ friends all the way from London . Thank you for your messages !	0
Love to my Beirut friends all the way from $T$ . Thank you for your messages !	0
And the iconic view from $T$ , a rare with the bridge and without the new Gehry tower	0
7 each or all three for 18 . TX Hummus , Corn amp Carrots , Carne Guisada Pot Pie by Chef $T$ # ChefPOPUP	0
$T$ reintroduce bill to expand civil rights to # LGBT # Michigan	0
Dems reintroduce bill to expand civil rights to $T$ # Michigan	0
Dems reintroduce bill to expand civil rights to # LGBT $T$	0
RT @ FunnyPicsDepot : $T$ BE LIKE	0
Hello from $T$ . Oh yeah . And the Grand Canyon .	0
Hello from VEGAS . Oh yeah . And the $T$ .	0
RT @ FootballFanCast : $T$ says stop the season now # MUFC	0
RT @ FootballFanCast : Louis says stop the season now $T$	0
RT @ bikemag : Photo of the Day by @ GibbyMTBPhoto featuring @ CamZink in $T$ .	0
RT @ timesofindia : Indian scientists came close to predicting $T$ quake	0
$T$ says Dyett High to reopen as arts - focused school hunger strikers not appeased	0
CPS says $T$ to reopen as arts - focused school hunger strikers not appeased	0
RT @ Rubiu5 : $T$	0
Thrilled that my 10 year old niece visiting from $T$ zoomed right in on my ARC copies of Eighth Day # 2 !	0
Thrilled that my 10 year old niece visiting from Kansas zoomed right in on my ARC copies of $T$ # 2 !	0
RT @ WallyBobkiewicz : . @ nytimes Travel article on $T$ 9 6 15 edition . Great . @ EvanstonEdge	0
Waanzinnig concert in $T$ Peter Frampton 2011	0
Waanzinnig concert in HMH $T$ 2011	0
PHOTO : Beautifully green paddy fields along the $T$ near Chavakachcheri in Northern # SriLanka .	0
PHOTO : Beautifully green paddy fields along the A32 near $T$ in Northern # SriLanka .	0
RT @ bendragonborn : $T$ writes fantasy with her husband Tom Phipps . @ Car01am	0
RT @ bendragonborn : Carol Marrs Phipps writes fantasy with her husband $T$ . @ Car01am	0
RT @ mjesusgz : Painting by $T$ - # pintura # art # artwit # twitart # fineart # painting	0
So I met $T$ last night ( ignore my disgusting face )	0
RT @ BakeOrama : Hope you and your mums All enjoyed the cakes and treats from myself and $T$ today !	0
RT @ Gabriele Corno : $T$ . . . . by Mary Schannen # dreamers # ChildhoodMemories	0
RT @ Gabriele Corno : Follow Your Dreams . . . . by $T$ # dreamers # ChildhoodMemories	0
RT @ AyGeraldJay : A strong black woman at the end of a $T$ movie	0
RT @ discoverctwc : Stargazing in the # CapeKaroo with $T$ , a sublime , once in a lifetime experience .	0
RT @ ErikaFloresTV : $T$ has arrived to # chasefield @ Dbacks	0
RT @ nfl : $T$ stable after shooting ( via @ RapSheet ) :	1
Food event weekend include $T$ , Summerlicious amp free tacos ! via @ torontodotcom	0
Food event weekend include Taste of Toronto , $T$ amp free tacos ! via @ torontodotcom	0
Open house information for the $T$ # Peru and Indianapolis # Indiana Temples : # Mormon	0
Open house information for the Trujillo $T$ and Indianapolis # Indiana Temples : # Mormon	0
Open house information for the Trujillo # Peru and Indianapolis $T$ Temples : # Mormon	0
RT @ JasonViauNews : Premier @ Kathleen Wynne stops in $T$ this weekend	0
RT @ SpencerAlthouse : The transformation is complete . $T$ is now , himself , an Oscar .	0
RT @ SpencerAlthouse : The transformation is complete . Neil Patrick Harris is now , himself , an $T$ .	0
RT @ abc7newsBayArea : WATCH LIVE : A building is fully engulfed in flames in $T$ , Missouri .	0
RT @ abc7newsBayArea : WATCH LIVE : A building is fully engulfed in flames in Ferguson , $T$ .	0
RT @ westinbali : Enjoy up to 10 in savings in this exclusive $T$ member only discount at # WestinBali . Book now http :	0
What are these $T$ peacekeepers afraid of ? The semi - starving popn they are protecting ? How not to wun hearts amp minds	0
RT @ dvmonique : people : $T$ is ugly me : . . .	0
$T$	0
RT @ EarthPicturz : $T$ , on the Big Island of Hawaii , sends streams of lava steaming into the Pacific Ocean	0
RT @ EarthPicturz : Kilauea , on the $T$ , sends streams of lava steaming into the Pacific Ocean	0
RT @ ESPNNFL : $T$ has announced that Jameis Winston will be the starting QB for @ TBBuccaneers .	0
RT @ ESPNNFL : Lovie Smith has announced that $T$ will be the starting QB for @ TBBuccaneers .	0
RT @ Ginger Zee : $T$ : tornado warning includes Panama City ! Take a look and take cover if you are in red box :	0
RT @ Ginger Zee : Florida : tornado warning includes $T$ ! Take a look and take cover if you are in red box :	0
Thank you @ ClifBar and @ REI for a great demo day at $T$ ! # DiveIn # getoutside # happyplace	0
RT @ nico rosberg : $T$ lunch with @ ValeYellow46 . talking f1 and moto gp !	0
RT @ nico rosberg : Goodwood festival of speed lunch with @ ValeYellow46 . talking $T$ and moto gp !	0
RT @ nico rosberg : Goodwood festival of speed lunch with @ ValeYellow46 . talking f1 and $T$ !	0
UPDATE : 19 year old $T$ of # Paterson arrested for murder of 12 year old # GenesisRincon # JusticeForGenesis	0
@ BestOfNike : $T$ @ victoriuhhh15	0
RT @ MLiveDetroit : Can you imagine the $T$ being redeveloped ? # DevelopingDetroit	0
Loved crossing the $T$ . It helped me get what natural frequency is .	0
RT @ voxdotcom : Why the $T$ and Iron Man are fighting in Avengers : Age of Ultron	0
RT @ voxdotcom : Why the Hulk and $T$ are fighting in Avengers : Age of Ultron	0
Having a great day at $T$ journalism day at PSU Univ . Park . Over 80 attendees on a cold , rainy day . # PSPA	0
Having a great day at PSPA journalism day at $T$ Univ . Park . Over 80 attendees on a cold , rainy day . # PSPA	0
Having a great day at PSPA journalism day at PSU Univ . Park . Over 80 attendees on a cold , rainy day . $T$	0
RT @ 420THCKing : $T$ needs a high as fuck category .	0
What do you think ? Should Gov . $T$ be following the recommendations of Sup . Douglas ? RT !	0
What do you think ? Should Gov . Ducey be following the recommendations of Sup . $T$ ? RT !	0
Capital region friends : Visit the $T$ table at Glens Falls Food amp Farm Fest on 5 24 . Going to be FUN !	0
Capital region friends : Visit the NOFA - NY table at $T$ amp Farm Fest on 5 24 . Going to be FUN !	0
Congratulations to $T$ , the winner for Circuit Court Judge in Weakley and Obion Counties . # RedToTheRoots	0
Congratulations to Jeff Parham , the winner for $T$ Judge in Weakley and Obion Counties . # RedToTheRoots	0
Congratulations to Jeff Parham , the winner for Circuit Court Judge in $T$ and Obion Counties . # RedToTheRoots	0
Congratulations to Jeff Parham , the winner for Circuit Court Judge in Weakley and $T$ Counties . # RedToTheRoots	0
Tea of the Day - - $T$	0
Jurors watching split video day after $T$ murder . # AaronHernandez plays w baby and in pool w alleged accomplices	1
brand new fridge in $T$ , hopefully we can fit more drinks in	0
@ mchlkf because the world is tired of $T$ . We need a new James Bond . 007 with robot legs is more relatable	0
@ mchlkf because the world is tired of Daniel Craig . We need a new $T$ . 007 with robot legs is more relatable	0
RT @ CBSNews : $T$ recalls more than 600 , 000 Hybrid Prius vehicles - @ CBSMoneyWatch	0
RT @ CBSNews : Toyota recalls more than 600 , 000 $T$ vehicles - @ CBSMoneyWatch	0
Playing it safe will always end in disaster . $T$ # amwriting # writing # writingtip	0
@ DixonsCarphone Group CEO $T$ getting in the Average to Awesome Spirit at Conference NEC - A Great Sport	0
@ DixonsCarphone Group CEO Andrew Harrison getting in the Average to Awesome Spirit at $T$ - A Great Sport	0
# NationalParksWeek : $T$ at Postbridge in # Dartmoor National Park	0
# NationalParksWeek : Clapper Bridge at $T$ in # Dartmoor National Park	0
# NationalParksWeek : Clapper Bridge at Postbridge in $T$	0
16 dogs seized in $T$ ready for adoption .	0
RT @ uacrisis : $T$ about Ukrainian Armed Forces	0
RT @ uacrisis : Ben Hodges about $T$	0
RT @ taitmaps : Great talk by $T$ about shaded relief art ! # NACIS2014 .	0
Congrats to $T$ W . , the winner of our iPad Mini Giveaway ! # YourDivineFingerprint # ElevateLife	0
Congrats to Tana W . , the winner of our $T$ ! # YourDivineFingerprint # ElevateLife	0
$T$ begins March 8 .	0
RT @ fadyperry : Congratulations , $T$ ! ! ! Once a Spur , always a Spur !	0
RT @ fadyperry : Congratulations , Steve Kerr ! ! ! Once a $T$ , always a Spur !	0
RT @ fadyperry : Congratulations , Steve Kerr ! ! ! Once a Spur , always a $T$ !	0
RT @ HandLUpdates : $T$ last night were happy af	0
I refuse to buy $T$ likes and # Twitter followers and this is the reason why -	0
I refuse to buy # Facebook likes and $T$ followers and this is the reason why -	0
RT @ UNEP : Ahead of $T$ : Water for development .	0
Where is $T$ ?	0
RT @ SKYVlBES : $T$ , Arizona	0
RT @ SKYVlBES : Gilbert , $T$	0
RT @ BloombergTVInd : Global Set - Up : $T$ Crude futures tumble towards six - year lows down 7 last week .	0
RT @ BleacherReport : $T$ watches her father play live , all bundled up # LeahStrong	0
RT @ cnnbrk : $T$ staffer fired for offensive tweet about Cheerios Super Bowl commercial .	0
RT @ cnnbrk : MSNBC staffer fired for offensive $T$ about Cheerios Super Bowl commercial .	0
RT @ cnnbrk : MSNBC staffer fired for offensive tweet about $T$ Super Bowl commercial .	0
Wherever you are in the world join as $T$ is livestreamed . # Kwibuka20	0
RT @ BuffaloFood : Buttery glaze of $T$ ' s sweet potato fries is downright crackalicious ( review ) http	0
# BringBackOurGirls rally in $T$	0
RT @ EarthPicturz : Lonely boat house on an alpine lake in $T$ . Photo by Mark Whale .	0
RT @ EarthPicturz : Lonely boat house on an alpine lake in # Germany . Photo by $T$ .	0
I love $T$ RT @ MissLu Nomnga : My baby and I @ kitsokgori	0
RT @ kissmemyfan : PIC $T$ - Challenger Union Cr . Sina Ent . ( 1 )	0
Grammar is the piano I play by ear . All I know about grammar is its infinite power . $T$ # amwriting # writing	0
RT @ lahawkinses : $T$ waives arraignment , says abSolutely not guilty @ seacoastonline	0
$T$ - Greek banks shut until July 6 , ATM withdrawal limit 60 euros a day . By @ atzortzinis # AFP	0
GREECE - Greek banks shut until July 6 , ATM withdrawal limit 60 euros a day . By @ atzortzinis $T$	0
What customers want from $T$ and VMware	0
What customers want from EMC and $T$	0
RT @ hansontangbc : This will be the election in $T$ 2017	0
RT @ KBowenColts : What will $T$ be trying to convey to the NFL Owners this afternoon ?	0
RT @ KBowenColts : What will Jeff Saturday be trying to convey to the $T$ Owners this afternoon ?	0
Our preseason football TV campaign begins with the $T$ vs . Jaguars on @ WNYT Saturday , August 22nd . Starts 7 : 30pm .	0
Our preseason football TV campaign begins with the Giants vs . $T$ on @ WNYT Saturday , August 22nd . Starts 7 : 30pm .	0
RT @ ThrowbackCN : $T$	0
Creative photography by $T$	0
RT @ AllyKraemer : BREAKING : $T$ being evacuated right now . @ WCPO	1
RT @ dailykos : A lie in the $T$ defense in the shooting death of Mike Brown that just won ' t go away	1
RT @ dailykos : A lie in the Darren Wilson defense in the shooting death of $T$ that just won ' t go away	1
RT @ dazerac : $T$ . France	0
RT @ dazerac : Corsica . $T$	0
RT @ heathertal : Dr . Khan , of $T$ , was invited to spend the summer at Harvard , but he stayed to fight Ebola . He died at 39 .	0
RT @ heathertal : Dr . Khan , of Sierra Leone , was invited to spend the summer at $T$ , but he stayed to fight Ebola . He died at 39 .	0
RT @ heathertal : Dr . Khan , of Sierra Leone , was invited to spend the summer at Harvard , but he stayed to fight $T$ . He died at 39 .	0
RT @ modeIesques : $T$	0
RT @ readeatfangirl : An epic $T$ and Percy Jackson crossover	0
RT @ readeatfangirl : An epic Hunger Games and $T$ crossover	0
RT @ DFWsMostDope : Alright , who do you think is gonna take the W this Saturday ? RT for $T$ FAVE for Mayweather	0
RT @ DFWsMostDope : Alright , who do you think is gonna take the W this Saturday ? RT for Pacquiao FAVE for $T$	0
RT @ MotherJones : From $T$ With Love : Photos of Brave Gay Activists Fighting Homophobia	0
Brave 11 - Year - Old # LoganFairbanks Confronts $T$ Cyberbullies ( WATCH NOW ) @ DadVsLogan	0
RT @ SandroSca : Hey $T$ ! Look at me Mancini ! !	0
RT @ SandroSca : Hey Mancini ! Look at me $T$ ! !	0
ATTENTION TO ALLL $T$ FAANS , THIS VERY IMPORTANT :	0
RT @ fckali : $T$ O ' Connell went from baby to daddy in like 0 . 02 secs	0
My coworker made cookies that look like $T$ from Monsters Inc .	0
My coworker made cookies that look like Sulley from $T$ .	0
Quirky , abstract illustrations by $T$	0
RT @ DickieV : Wish my Sarasota area buddy @ NikWallenda all the luck in $T$ as he will wirewalk 600 ft above w o a net !	0
RT @ NBA Mixes : $T$ 4 Louis Vuitton Custom	0
RT @ NBA Mixes : Retro 4 $T$ Custom	0
Man of the Match : $T$ . 3 goals 6 shots 9 take ons 2 key passes 86 pass accuracy . All about the movement .	1
RT @ MUFCScoop : $T$ : Maybe one small regret is that I never got to play with Paul Scholes . # MUFC	0
RT @ MUFCScoop : Xavi : Maybe one small regret is that I never got to play with $T$ . # MUFC	0
RT @ MUFCScoop : Xavi : Maybe one small regret is that I never got to play with Paul Scholes . $T$	0
$T$ Crisis Triggers Child Labor	0
Reducing Costs . Fueling innovation . An $T$ blueprint for the future .	0
$T$ with @ Adaripp and @ DouglasRazzano # goodforthesoul	0
RT @ Politics PR : Ex - Yahoo CEO : I would pay $T$ 100 million per year to relaunch his show : # p2	0
RT @ whiteboysdamn : $T$ appreciation tweet	0
RT @ whiteboysdamn : Austin Butler appreciation $T$	0
. . . By his stripes , we are healed . $T$ 53 : 5 # GoodFriday # ELCEaster # Easter	0
. . . By his stripes , we are healed . Isaiah 53 : 5 # GoodFriday # ELCEaster $T$	0
RT @ McDonald 69 : This is what $T$ , the founder , said about religion .	0
@ forduk - F568Millennium $T$ ? : D # StarWars	0
RT @ BrightIdeasMag : On a coffee table in $T$	0
Number one beer in $T$ ! @ yeastieboys pot kettle black unfortunately @ AdamBrough had to ruin the photo	0
Please keep our $T$ missions team in your prayers as they are in Uganda serving , loving amp leading others to Christ !	0
Please keep our ELC missions team in your prayers as they are in $T$ serving , loving amp leading others to Christ !	0
Please keep our ELC missions team in your prayers as they are in Uganda serving , loving amp leading others to $T$ !	0
$T$ has a smart way to fix the Senate . His column today in NewsKamloops .	0
Claude Richmond has a smart way to fix the $T$ . His column today in NewsKamloops .	0
One of our favourite videos this season . $T$ leading his own Galatasaray chant .	0
One of our favourite videos this season . Wesley Sneijder leading his own $T$ chant .	0
RT @ NYTMetro : The $T$ skyline may need to go darker to go green :	0
RT @ bentaylor5150 : @ Mindatlargeatx I decided to wear the shirt you guys sent me tonight at $T$ ! Thanks !	0
$T$ , CO - Be there THIS Saturday between 11am and 12noon in the Pearl Street Mall vicinity ! # TheLassyProject	0
BOULDER , $T$ - Be there THIS Saturday between 11am and 12noon in the Pearl Street Mall vicinity ! # TheLassyProject	0
BOULDER , CO - Be there THIS Saturday between 11am and 12noon in the $T$ vicinity ! # TheLassyProject	0
Enjoyable , if damp , time at $T$ with Cllr Denise Brunning amp MK Mayor . Well done to organisers	0
Enjoyable , if damp , time at Stony Stratford Town Fayre with $T$ amp MK Mayor . Well done to organisers	0
Enjoyable , if damp , time at Stony Stratford Town Fayre with Cllr Denise Brunning amp $T$ Mayor . Well done to organisers	0
RT @ thegarance : This picture of $T$ . . . . so heart - breaking .	1
$T$ city nj	0
Happened at the Save - A - Step off $T$ road . The man is a regular customer . No customers or workers got hurt .	0
RT @ ussoccer wnt : We love you , $T$ ! # BestFansInTheWorld # USWNTParade	0
Transforming threats to an opportunity : $T$ opened data under CC BY # opentransport	0
RT @ ACLU : The fight to let pregnant women work reaches $T$ https : t . co uhm7OYbRxi	0
RT @ GrantCardone : Just got to my old stomping grounds in $T$	0
RT @ tekubitu : From $T$ on Facebook	0
RT @ tekubitu : From Alberto Saldivar on $T$	0
RT @ Lungati : # MISSINGPERSON : Dr . ERIC ARIBA OLEMBO . 34 years old dentist at $T$ has been missing since 1st June	0
Our goodnight gallery : Provence $T$ # photography # travel	0
RT @ kiii3news : Tropical Storm Warnings now in effect from $T$ to Galveston Bay .	0
RT @ kiii3news : Tropical Storm Warnings now in effect from Baffin Bay to $T$ .	0
RT @ JohnFarra : Wind storm damage causes canceled race in $T$ . Good luck to Georgy amp OC to save the XC Sprint for tomorrow . . . .	0
RT @ JohnFarra : Wind storm damage causes canceled race in Sochi . Good luck to $T$ amp OC to save the XC Sprint for tomorrow . . . .	0
RT @ PicturesEarth : $T$ by Ricardo Salamanca .	0
RT @ PicturesEarth : Gorilla Made from Colored Pencils by $T$ .	0
$T$ , 4 , the son of @ BruceRauner campaign manager by the same name , checks out the podium # twill	0
Love that $T$ music sent me @ kelly clarkson # PieceByPiece download already . Awesome album , the twins , love it	0
$T$ opens in HP to offer affordable items and help to families in need .	0
New Salvation Army Family Store opens in $T$ to offer affordable items and help to families in need .	0
RT @ RembranceOfPast : $T$ , 1967 ( By Joel Brodsky )	0
RT @ RembranceOfPast : Jim Morrison , 1967 ( By $T$ )	0
RT @ ForeignPolicy : A surprising history of Turkey in $T$ .	0
RT @ wcp : $T$ is raising money for a beer garden and dog park next to Nationals Park :	0
RT @ wcp : Bardo is raising money for a beer garden and dog park next to $T$ :	0
Here is me with the 2005 $T$ hero Vladimir Smicer what a player what a lad # lfc # legends	0
Here is me with the 2005 European cup hero $T$ what a player what a lad # lfc # legends	0
RT @ Stawell Gift : More interviews for @ officialasafa . Catching up with $T$ from @ wwos9 before # StawellGift . . .	0
RT @ Toucherandrich : $T$ , check the photo . I was safe , jerk .	0
RT @ Toucherandrich : Ray Bourque , check the photo . I was safe , $T$ .	0
$T$ makes it 3 - 1 # Blackhawks early	0
Brandon Saad makes it 3 - 1 $T$ early	0
RT @ CuntsWatching : $T$ comes out with some incredible quotes , such banter .	0
Introducing $T$ Mayor Martin Joseph Walsh . # bosmayor # bospoli	0
Introducing Boston $T$ . # bosmayor # bospoli	0
ICYMI : @ SLUHospital CEO $T$ to step down after @ SSMHealth deal # healthcare	0
RT @ WSJ : $T$ passes China to become fastest - growing economy	0
RT @ WSJ : India passes $T$ to become fastest - growing economy	0
RT @ Re Reading : $T$ and Asimov and Clarke OH MYYYY !	0
RT @ Re Reading : Heinlein and $T$ and Clarke OH MYYYY !	0
RT @ Re Reading : Heinlein and Asimov and $T$ OH MYYYY !	0
Uproar in front of $T$	0
RT @ JoshuaAuger : When you loose your mum in $T$	0
RT @ annikakukkonen : Beautiful . $T$ are Bundesliga champions thanks to a 3 - 1 win at Hertha . @ StatsZone	0
RT @ annikakukkonen : Beautiful . # FCBayern are $T$ champions thanks to a 3 - 1 win at Hertha . @ StatsZone	0
RT @ annikakukkonen : Beautiful . # FCBayern are Bundesliga champions thanks to a 3 - 1 win at $T$ . @ StatsZone	0
RT @ AngryShopMan : Well played , $T$ . Well played . Best wine review ever ? Via Organart on FB .	0
RT @ AngryShopMan : Well played , Tesco . Well played . Best wine review ever ? Via $T$ on FB .	0
RT @ AngryShopMan : Well played , Tesco . Well played . Best wine review ever ? Via Organart on $T$ .	0
RT @ GarethBale11 : Great end to my first day in $T$ with dinner at Ebeya ! # Delcious	0
RT @ GarethBale11 : Great end to my first day in Jakarta with dinner at $T$ ! # Delcious	0
RT @ NDmbb : We ' re blessed that Fr . Jenkins amp AD $T$ are great leaders . Huge support from them all year ! # NotDoneYet	0
View of the storm looking northeast from downtown $T$ , sent in by Serafinn Burciaga	0
View of the storm looking northeast from downtown Chandler , sent in by $T$	0
RT @ Know : $T$ doing a one hand push - up , using only an index finger and a thumb .	0
RT @ nytimes : From 2014 : How the $T$ covered Tiananmen Square in 1989	0
RT @ nytimes : From 2014 : How the NYT covered $T$ in 1989	0
RT @ SportsCenter : BREAKING : $T$ fire head coach Tom Thibodeau . He went 255 - 139 in 5 seasons with the team .	1
RT @ SportsCenter : BREAKING : Bulls fire head coach $T$ . He went 255 - 139 in 5 seasons with the team .	1
$T$	0
2 cells have popped up by the $T$ and drifting are through the South Bronx . @ PIX11News	0
2 cells have popped up by the GWB and drifting are through the $T$ . @ PIX11News	0
RT @ ComedyPosts : Here comes hurricane $T$	0
St . Vincent de Paul , Priest , Pray For Us ! $T$ # CatholicSTL	0
Need something to do in $T$ or # Burslem today # getinvolved	0
Need something to do in # Tunstall or $T$ today # getinvolved	0
@ CuntsWatching : Dad is chocking ! Better get a $T$ photo !	0
RT @ Paisajes : I want to travel here ! $T$ , Italy .	0
RT @ Paisajes : I want to travel here ! Sorrento , $T$ .	0
RT @ SportsCenter : Unbelievable ! $T$ beats Nebraska on a last second Hail Mary , 33 - 28 .	0
RT @ SportsCenter : Unbelievable ! BYU beats $T$ on a last second Hail Mary , 33 - 28 .	0
RT @ SportsCenter : Unbelievable ! BYU beats Nebraska on a last second $T$ , 33 - 28 .	0
$T$ will be open to the public for the first time in 30 years next month :	0
This $T$ , the scariest place may be an overnight shift at the Security Operations Center	0
This Halloween , the scariest place may be an overnight shift at the $T$	0
RT @ RachelStrohm : Went to $T$ in search of fabric with @ naunihalpublic yesterday and the results are glorious :	0
another great reh . yesterday with @ bryanbeller @ AlexSkolnick @ chadwackerman , $T$ for my new album recording !	0
RT @ BlackChris : This # WhiteGirlsDoItBetter got $T$ like	0
Amen ! That ' s $T$ , gallery up tmrw RT @ AmandaVinicky : Why newspapers , readers need pro photographers - gt Bruce Rauner	0
Amen ! That ' s iPhone , gallery up tmrw RT @ AmandaVinicky : Why newspapers , readers need pro photographers - gt $T$	0
RT @ BrankoMilan : $T$ is still much richer than Asia but that advantage is being eroded .	0
RT @ BrankoMilan : West is still much richer than $T$ but that advantage is being eroded .	0
RT @ JayKenMinaj : Me outside of where $T$ got shot at . You know God is so good .	1
RT @ MLS : $T$ eyes 2026 World Cup in USA :	0
RT @ MLS : Blatter eyes 2026 $T$ in USA :	0
RT @ MLS : Blatter eyes 2026 World Cup in $T$ :	0
RT @ stackee : The moment you hear George Galloway may not hold his seat AND $T$ unlikely to win # GE2015	0
Loving this $T$ weather ! !	0
RT @ siwon407 : $T$ 10 : 12 Beautiful Sunday morning .	0
RT @ Chandanrtcs : Little Peanut by $T$	0
People of $T$ background r 6 times more likely to have # Diabetes than other communities # cpwyacademy # Ramadan	0
People of South Asian background r 6 times more likely to have $T$ than other communities # cpwyacademy # Ramadan	0
People of South Asian background r 6 times more likely to have # Diabetes than other communities # cpwyacademy $T$	0
RT @ artoftheserpent : $T$ , 1881 , oil on canvas Sea Study Waves Breaking Rough Sea	1
$T$ is really just mad that she messed up my bunny ears . @ jenbernson	0
RT @ MiamiHerald : After 13 years , $T$ same - sex couple celebrates # ValentinesDay as spouses	0
@ RedArmy United yes $T$ !	0
RT @ Ralph Nader : $T$ petition on elected officials wearing their corporate logos now gaining steam . Check out this prototype . http :	0
@ ateamepic @ Worth The CHASE I went to bed last night and my through was killing me I was like $T$	0
2 weeks til @ cpboficial Brazilian Shooting Champs ! Key comp developing # IPCShooting in $T$ before @ Rio2016 en !	1
@ ROGAstronomers shot from $T$ , UK ( 12th August ) # perseid	1
@ ROGAstronomers shot from Derby , $T$ ( 12th August ) # perseid	1
Sweet new friend in $T$ !	0
As the ' L ' train passes over the $T$ bridge , a sunny morning in Chicago	0
As the ' L ' train passes over the Wells Street bridge , a sunny morning in $T$	0
Stop by the playwell station on Ford Field and enter to win an $T$ of your very own # heartwalk	0
A Look Inside The 5 Most Expensive Suites in $T$	0
RT @ sortra : Lovely Wildlife Photography by $T$	0
Introduction day to $T$ . First day in Helsinki thanks to the # FCP2013 .	0
Introduction day to Finland . First day in $T$ thanks to the # FCP2013 .	0
# Brasil - Teachers and PM militarized police clash in downtown $T$ , Brazil on April 29 , 2015	0
# Brasil - Teachers and PM militarized police clash in downtown Curitiba , $T$ on April 29 , 2015	0
I see you , $T$ .	0
RT @ notshawn1 : Artwork by $T$	0
RT @ LilACups : You know you in $T$ when	0
Police and swat responding to situation in $T$ neighborhood .	0
RT @ BobBrainerd : 6th inning , and fans are filing out of $T$ to go put some red clothes on . . .	0
RT @ jdoob89 : Great group of volunteers here in $T$ calling for @ BruceRauner # ShakeUpSaturday # BringBackIL	0
RT @ ben rosenfield : Coach $T$ is thrilled by tonight ' s win . On to the Super Regionals ! ! ! # SurviveAndAdvance	0
$T$ was quick to watch the replay of his 1st period tally . You should too - - gt	0
RT @ rejuvapet : Dead baby elephant found in $T$ . Upcoming census to show scale of the poaching crisis	0
RT @ kiss925toronto : The line for the $T$ concert is absolutely jam packed ! Fans are pumped for the show tonight ! # KiSSRihannaTO http . . .	0
RT @ PolitieDrachten : Motorrijders van politie $T$ verzamelen in # Drachten ivm ondersteuning bekerfinale in # Rotterdam . # zwogro	0
RT @ PolitieDrachten : Motorrijders van politie Noord Nederland verzamelen in # Drachten ivm ondersteuning bekerfinale in $T$ . # zwogro	0
RT @ FT : $T$ : Opec has ceded to the US its power over oil price	0
RT @ FT : Alan Greenspan : $T$ has ceded to the US its power over oil price	0
RT @ FT : Alan Greenspan : Opec has ceded to the $T$ its power over oil price	0
Rookie $T$ with the game - changing INT in the 4th , taking the ball away from Crabtree	0
Rookie Kyle Fuller with the game - changing INT in the 4th , taking the ball away from $T$	0
RT @ FromEmmaJ : Congrats to @ Pharrell for his star on $T$ !	0
LEAVING @ WhiteHouse this afternoon @ StephenKing amp $T$	0
School of Rock is coming to $T$ . @ fdilella has a preview of the musical . WATCH :	0
RT @ iAmRealSmoove : Life of $T$	0
RT @ SIGGUK : What do you put in your # kids $T$ bottles to keep them # hydrated ?	0
$T$ . . . why not Fayetteville ? # BelieveinFayetteville	0
Dutch Fork High School . . . why not $T$ ? # BelieveinFayetteville	0
Pub of $T$ week : The Jersey Lily , Whiteladies Road .	0
Pub of the week : $T$ , Whiteladies Road .	0
Pub of the week : The Jersey Lily , $T$ .	0
Watching a 128 - year - old house disappear in $T$	0
First read shoots and assumed hockey puck . RT @ MarioLemieuxFdn : $T$ shoots to start the race ! # 6 . 6K	1
Come fly the friendly skies . $T$	0
It ' s finally sold . 17 million ( cash ) buys 14 , 000 - square - foot $T$ penthouse .	0
RT @ WeIsNotreDame : Are we sure $T$ wasn ' t a child film star ? # Bangerang	0
RT @ WeIsNotreDame : Are we sure Jameis wasn ' t a child film star ? $T$	0
RT @ Amazing Maps : $T$ compared to Pluto	0
RT @ Amazing Maps : Alaska compared to $T$	0
$T$ under 100 ( my associates link )	0
Storage Requirements for Your $T$	0
$T$ sued for sex # discrimination by # fraternity @ charliekirk11	0
RT @ GMA : $T$ launches new set featuring women as paleontologists , chemists and astronomers :	0
$T$ basketball all day at the targetcenter	0
$T$ workers protesting against high level of crime against women in rajasthan .	0
Mahila morcha workers protesting against high level of crime against women in $T$ .	0
We are thrilled to announce the plans for our newest ultra - luxury resort , One amp Only $T$ :	0
RT @ SadHappyAmazing : $T$ cast and director of The Breakfast Club , 1985	0
RT @ SadHappyAmazing : The cast and director of $T$ , 1985	0
Not sure about you , Dr . Lee , but this pic of @ liljon appeals to my prurient interest . $T$	0
RT @ VeryOldPics : $T$ with his cat .	0
RT @ ianbremmer : $T$	0
RT @ egotripland : $T$ : free concert by the legendary @ RealRoyAyers 2nite in Harlem !	0
RT @ egotripland : NYC : free concert by the legendary @ RealRoyAyers 2nite in $T$ !	0
Both the $T$ . # tcmparty	0
# currentlyreading Stoner - $T$	0
WIN a trip to $T$ including pamper vouchers ! Enter here gt gt	0
RT @ midnightmuke : @ anthonyli $T$ please help me ! ! ! @ halsey	0
RT @ redbullracing : Congratulations to friend of @ redbull $T$ and @ ScuderiaFerrari on winning the # MalaysiaGP ! # F1	0
RT @ redbullracing : Congratulations to friend of @ redbull Sebastian Vettel and @ ScuderiaFerrari on winning the # MalaysiaGP ! $T$	0
See The $T$ Chair by Jon Fraser , made from 80 metres of rope in resin See the rest gt gt	0
See The Ropey Chair by $T$ , made from 80 metres of rope in resin See the rest gt gt	0
RT @ TheBarcaStalker : $T$ congratulating messi on his motm awards # Respect	0
RT @ TheBarcaStalker : Cristiano congratulating $T$ on his motm awards # Respect	0
This is insane : my $T$ vs what I pay for at home . I think I may just cancel TWC internet	0
This is insane : my T - Mobile LTE vs what I pay for at home . I think I may just cancel $T$ internet	0
$T$ ghost hunt 31st May	0
RT @ NasMaraj : $T$ Is Ugly Bitch where ! !	0
RT @ FlLMOGRAPHY : $T$ ( 2001 )	0
How to enjoy the lakes in $T$ ?	0
$T$ hertl with a bunny rabbit , I literally can ' t even right now .	0
RT @ ItsQueenElsa : $T$ and Mean Girls	0
Arrived $T$ - where victims of mass murder fled on West Bank of Nile # SouthSudan - protection @ PeaceForce	0
Arrived Minkaman - where victims of mass murder fled on $T$ # SouthSudan - protection @ PeaceForce	0
Arrived Minkaman - where victims of mass murder fled on West Bank of Nile $T$ - protection @ PeaceForce	0
$T$ Children look at seized weapons from IS ( Islamic State ) in Kobane . By Yasin Akgul # AFP	0
# Syria Children look at seized weapons from $T$ ( Islamic State ) in Kobane . By Yasin Akgul # AFP	0
# Syria Children look at seized weapons from IS ( $T$ ) in Kobane . By Yasin Akgul # AFP	0
# Syria Children look at seized weapons from IS ( Islamic State ) in $T$ . By Yasin Akgul # AFP	0
# Syria Children look at seized weapons from IS ( Islamic State ) in Kobane . By $T$ # AFP	0
Our President and CEO $T$ Loves her hound Missy !	0
RT @ seventeenmag : $T$ slips in dog pee , breaks 3 toes	0
RT @ mike d allen : @ CompuwareAPM Richard Stone on fire presenting - Developing a technology performance strategy at # apmday in $T$ htt . . .	0
@ HeymanHustle ladies and gentlemen , my name is $T$	0
RT @ TheCIassicJams : Meanwhile , $T$ really living by his last name	0
RT @ leo825 : @ godadrun getting close to start time in $T$ # bluepants	0
A ship at $T$ , Australia # Travel	0
A ship at Sydney Habour , $T$ # Travel	0
RT @ petesouza : Snow ! The view from outside the $T$ .	0
Child please $T$ !	0
RT @ Newsweek : $T$ quest for fast - track # TPP bill defeated in House for now	0
RT @ Newsweek : Obama quest for fast - track $T$ bill defeated in House for now	0
I dream to visit the fairy tale and feel its atmosphere . See the beauty of $T$ and fall in love # HobbitFanContest	0
$T$ : Most of this movie is one scene , repeated over and over . By @ DanSchindel .	0
RT @ whpresscorps : RT @ Reddy : $T$ , the son of Joe Biden , has died . The @ VP statement :	0
RT @ whpresscorps : RT @ Reddy : Beau Biden , the son of $T$ , has died . The @ VP statement :	0
RT @ MundoEnPaisajes : $T$ , Australia	0
RT @ MundoEnPaisajes : Sydney , $T$	0
RT @ 9NEWS : # BREAKING : Police release sketch of vehicle of interest in northern $T$ shootings . Tip line : 970 - 498 - 5595	1
RT @ Dull Roar : Can Going to the Dentist in $T$ Be Fun ? Nearly !	0
RT @ engadget : The $T$ will train with remote - controlled F - 16s	0
Our @ Peaceforce car hijacked in $T$ but returned thanks to courageous driver who chased amp got shot . He recovered .	1
$T$ opening cheesecake factory under the nearby Toronto Coach Terminal via @ blogto	0
Uncle Tetsu opening cheesecake factory under the nearby $T$ via @ blogto	0
RT @ faridalvie : $T$ cover of The Illustrated Weekly of India . . . February 1 , 1981 @ mosharrafzaidi @ Razarumi @ umairjav @ mohammedhanif http . . .	0
RT @ faridalvie : The cover of $T$ . . . February 1 , 1981 @ mosharrafzaidi @ Razarumi @ umairjav @ mohammedhanif http . . .	0
having it after amlost two years . . took me back to my $T$ memories . . # tandoori # punjabifood # india # loveit	0
having it after amlost two years . . took me back to my chennai college memories . . $T$ # punjabifood # india # loveit	0
having it after amlost two years . . took me back to my chennai college memories . . # tandoori # punjabifood $T$ # loveit	0
RT @ SLAMonline : . @ DukeBluePlanet Lands Five - Star Wing $T$	0
RT @ VeroBelieber21 : $T$ LOOKS SO PERFECT .	0
St . Athanasius , Pray for us . May we always grow in knowledge amp love of our Lord , $T$ . # Catholic # CatholicSTL	0
St . Athanasius , Pray for us . May we always grow in knowledge amp love of our Lord , Jesus . $T$ # CatholicSTL	0
RT @ SportsCenter : BREAKING : $T$ PG Kyrie Irving will miss rest of NBA Finals with a fractured left kneecap .	1
RT @ SportsCenter : BREAKING : Cavs PG Kyrie Irving will miss rest of $T$ with a fractured left kneecap .	1
2011 . One of fave # TCMFF s . $T$ signed pass To Debbie # . Said the # sign meant too b c of my name .	0
2011 . One of fave # TCMFF s . Debbie Reynolds signed pass To $T$ # . Said the # sign meant too b c of my name .	0
Diplomas are going out to 25 new # knowmads in $T$ !	0
$T$ kind of night in Austin last night ! Greatest live band on earth . # PJACL2014	0
Chicago kind of night in $T$ last night ! Greatest live band on earth . # PJACL2014	0
Incredible $T$ by Sean Avery -	0
Incredible Shattered CD Art by $T$ -	0
@ QCWirelessReach @ bymichellelyn enroute to $T$ on the high speed express through train . # newadventures	0
Obligatory shot of the $T$ Prachbutt ! Now w new paint amp leaf ! # fb	1
Obligatory shot of the Gaffney Prachbutt ! Now w new paint amp leaf ! $T$	1
RT @ dbrauer : Hear this will be at multiple $T$ # ferguson @ the towle : South High sit in	0
RT @ dbrauer : Hear this will be at multiple Minneapolis high schools $T$ @ the towle : South High sit in	0
RT @ dbrauer : Hear this will be at multiple Minneapolis high schools # ferguson @ the towle : $T$ sit in	0
RT @ MYBUCKETLlST : Beautiful $T$ .	0
RT @ Agridome : Loading # corn for export , $T$ # Ontario . . . . in the 1980s . # retrophoto	0
RT @ Agridome : Loading # corn for export , Wallaceburg $T$ . . . . in the 1980s . # retrophoto	0
RT @ SWIM DEEP : Happy birthday $T$ ! The astronaut of rhythm	0
Great questions from the students at the $T$ this morning !	0
Thirsty Thursday tomorrow we have 3 $T$ amp 3 Brandies for sampling . All from Spain . 4 - 7pm .	0
Thirsty Thursday tomorrow we have 3 Sherries amp 3 $T$ for sampling . All from Spain . 4 - 7pm .	0
Thirsty Thursday tomorrow we have 3 Sherries amp 3 Brandies for sampling . All from $T$ . 4 - 7pm .	0
RT @ travelwith2ofus : @ CaribbeJan @ YourConcierge @ FlySeaborne Nice . Love it . Sweet $T$ Many choices . # travel	0
RT @ tweetsonurface : I miss $T$ # AmericanHorrorStory	0
RT @ MLB : Once again , your 2014 $T$ starting lineups .	0
RT @ 1DAlert : The boys on stage in $T$ , Argentina last night ! ( 3 5 14 ) # 33	0
RT @ 1DAlert : The boys on stage in Buenos Aires , $T$ last night ! ( 3 5 14 ) # 33	0
RT @ mjesusgz : Peaceful Afternoon by $T$ - # pintura # art # artwit # twitart # fineart # strachan # painting	0
RT @ MTVUK : Amazing ! $T$ suggests a standalone Black Widow movie WILL happen . . .	0
RT @ MTVUK : Amazing ! Stan Lee suggests a standalone $T$ movie WILL happen . . .	0
RT @ WNTonight : $T$ says Joe Biden could be a good president .	0
RT @ WNTonight : Hillary Clinton says $T$ could be a good president .	0
RT @ LowKei : When $T$ said and thank you to my Bey Hive at the Grammys .	0
RT @ LowKei : When Bey said and thank you to my $T$ Hive at the Grammys .	0
RT @ LowKei : When Bey said and thank you to my Bey Hive at the $T$ .	0
RT @ pcgamer : Gameplay footage of $T$ , a murderous take on NFL Blitz	0
RT @ pcgamer : Gameplay footage of Mutant Football League , a murderous take on $T$	0
RT @ BostonGlobe : A braille trail in $T$ opens the woods for blind hikers	0
RT @ sehlinger3 : $T$	0
How do we feel about $T$ using the Freedom March as a tourist draw ? Serious question .	0
How do we feel about Alabama using the $T$ as a tourist draw ? Serious question .	0
RT @ GoogleFacts : Baby elephant is playing on the beach for the first time in his life , $T$	0
RT @ firstpost : $T$ decides to close National Herald case citing technical reasons : CNN IBN	0
RT @ firstpost : ED decides to close $T$ case citing technical reasons : CNN IBN	0
RT @ firstpost : ED decides to close National Herald case citing technical reasons : $T$ IBN	0
RT @ firstpost : ED decides to close National Herald case citing technical reasons : CNN $T$	0
Possibly my last University Orchestra concert at $T$ ! ! ! XD	0
RT @ Spy Stations : Russians staff a comms center on the top floor of $T$ apartment building w new arrays on roof	0
RT @ B Kissinger : How $T$ was started . Very cool	0
3 ways to leverage the $T$ # HybridCloud to modernize apps : # EMCWORLD	0
$T$	0
We are now seeing shoes of civilian police at $T$ Lloyd crime scene after Lloyd murder as Prosecution excludes them	0
We are now seeing shoes of civilian police at Odin $T$ crime scene after Lloyd murder as Prosecution excludes them	0
We are now seeing shoes of civilian police at Odin Lloyd crime scene after $T$ murder as Prosecution excludes them	0
RT @ markbland : BREAKING : Police warning to peacefully protest or else . # FergusonTaughtMe $T$	1
Oh $T$ . . . You make air travel so much better	0
The # ToyotaWomen get to try on a fire suit at $T$ . @ MWRteam	0
RT @ Claritas : Dream job ? The hottest career in $T$ is compliance officer	0
RT @ DSMEP : Visit $T$ at # NPE2015 ! Register for free !	0
RT @ ahencyclopedia : Breaking news : $T$ has fallen to ISIS .	1
RT @ ahencyclopedia : Breaking news : Palmyra has fallen to $T$ .	1
RT @ NewNatTurner : # NathanEner Showed Up At # BlackLivesMatter in $T$ . He Was Not Ready For Quanel X !	0
RT @ NewNatTurner : # NathanEner Showed Up At # BlackLivesMatter in Texas . He Was Not Ready For $T$ !	0
$T$ .	0
Great artist amp mind @ verge : $T$ rolls three videos into one for new interactive single	0
Structure fire on $T$ under control . Residents not home . 2 dogs rescued .	0
$T$ gets lucky on his # barmitzvah weekend with his new friend Firefly # fb	0
Elan gets lucky on his # barmitzvah weekend with his new friend $T$ # fb	0
Elan gets lucky on his # barmitzvah weekend with his new friend Firefly $T$	0
RT @ FreeArturo2 : Stand w @ action4IFAW Tell $T$ Exporting Wild # elephants is WRONG # SaveAfricanAnimals http	0
News : $T$ 2016 celebrates # 500daystogo until the Paralympic Games with flash mob in Copacabana	0
News : Rio 2016 celebrates # 500daystogo until the Paralympic Games with flash mob in $T$	0
Let the miners in on the $T$ discussion - KEG should be at Community Advisory Group table .	0
Let the miners in on the Ajax discussion - KEG should be at $T$ table .	0
RT @ NZStuff : $T$ honour Jerry Collins with big 56 - 20 win over Highlanders in Napier	0
RT @ NZStuff : Hurricanes honour $T$ with big 56 - 20 win over Highlanders in Napier	0
RT @ NZStuff : Hurricanes honour Jerry Collins with big 56 - 20 win over $T$ in Napier	0
RT @ NZStuff : Hurricanes honour Jerry Collins with big 56 - 20 win over Highlanders in $T$	0
$T$ tells @ MichaelLCrick that @ DouglasCarswell is obvious person to succeed Nigel Farage	0
Stuart Wheeler tells @ MichaelLCrick that @ DouglasCarswell is obvious person to succeed $T$	0
$T$ update : Amanda had EXACTLY enough donors for the scholarship . Thank you everyone !	0
Blood drive update : $T$ had EXACTLY enough donors for the scholarship . Thank you everyone !	0
How To Conduct Your Own $T$ # Design Sprint via @ fastcodesign	0
Pretty sunset from $T$ tonight # lakesidecafe # nofilter	0
The @ NU Sports women ' s basketball team celebrates their first $T$ bid since 1997 . They head to Waco with a # 7 seed	0
The @ NU Sports women ' s basketball team celebrates their first NCAA bid since 1997 . They head to $T$ with a # 7 seed	0
RT @ extratv : $T$ star Jesse Tyler Ferguson digs deep into his family roots .	0
RT @ extratv : Modern Family star $T$ digs deep into his family roots .	0
The public process for $T$ # Boston is underway .	0
The public process for IndyCar $T$ is underway .	0
RT @ ZejnaY : Young girl barely makes it across the border between East and $T$ , 1955	0
$T$ scores for a 2 - 0 # Blackhawks lead over the # Kings in the 2nd . Photos :	0
Ben Smith scores for a 2 - 0 $T$ lead over the # Kings in the 2nd . Photos :	0
@ ABQJournal worked on a story about photographers at the $T$ # NM @ ricknathanson	0
RT @ redeyechicago : . @ SUBWAY is suspending their relationship with $T$ . Story :	0
The # BundleOfJoy baby is cute , but $T$ and Debbie sure had cute ones of their own . Carrie amp Todd . # tcmparty	0
The # BundleOfJoy baby is cute , but Eddie and $T$ sure had cute ones of their own . Carrie amp Todd . # tcmparty	0
The # BundleOfJoy baby is cute , but Eddie and Debbie sure had cute ones of their own . $T$ amp Todd . # tcmparty	0
The # BundleOfJoy baby is cute , but Eddie and Debbie sure had cute ones of their own . Carrie amp $T$ . # tcmparty	0
Incoming : $T$ photog made a sweet wide - angle frame , then receiver broke his 400 2 . 8 in half	0
RT @ LutonTheatre : RT @ FullHouseTheaCo : $T$ learning his lines ! @ LutonTheatre # scrooge # Luton # lutontown	0
RT @ LutonTheatre : RT @ FullHouseTheaCo : Tiny Tim learning his lines ! @ LutonTheatre $T$ # Luton # lutontown	0
RT @ LutonTheatre : RT @ FullHouseTheaCo : Tiny Tim learning his lines ! @ LutonTheatre # scrooge $T$ # lutontown	0
$T$ sure did have a way with pen amp ink and black amp white . Those NINAS are a fun treat to find .	0
Peace out $T$ ! # vacationtime	0
RT @ CNNMoney : $T$ has filed a suit against Gawker . via @ gregorywallace	0
RT @ CNNMoney : Quentin Tarantino has filed a suit against $T$ . via @ gregorywallace	0
And here he is as $T$ . . . .	0
Nothing in the world has as much power as a word . Sometimes I # write one and look at it until it shines . $T$	0
$T$ - What will happen next if gay marriage bill not approved ? MORE : # lgbt	0
RT @ SDLaborCouncil : $T$ @ MachinistsUnion standing in solidarity today with nurses outside @ RepSusanDavis office to # StopFastTrack htt	0
# BREAKING $T$ is closed at 32nd Street due to an accident . Use Thomas or Camelback instead .	1
# BREAKING WB Indian School Road is closed at $T$ due to an accident . Use Thomas or Camelback instead .	1
# BREAKING WB Indian School Road is closed at 32nd Street due to an accident . Use Thomas or $T$ instead .	1
Beautiful walk to work at $T$ hospital this morning in Kigali , Rwanda . Beats London rush hour commute ! @ SaferSurgery	0
Beautiful walk to work at CHUK hospital this morning in $T$ , Rwanda . Beats London rush hour commute ! @ SaferSurgery	0
Beautiful walk to work at CHUK hospital this morning in Kigali , $T$ . Beats London rush hour commute ! @ SaferSurgery	0
Beautiful walk to work at CHUK hospital this morning in Kigali , Rwanda . Beats $T$ rush hour commute ! @ SaferSurgery	0
RT @ fwd : $T$ on the Apple Watch # AppleLive	0
Everyone ready to start ghost hunting at $T$ ! !	0
RT @ SyriaCivilDef : One of the many celebrations in the center of $T$ yesterday .	0
RT @ DannyEcker : Renderings of the new plan for $T$ ' s outfield . 7 signs total including 2 video boards :	0
RT @ WOWFoodPics : $T$ doughnut ice cream sandwich .	0
$T$ , some say the best in Malaysia . # MyFest2015 # MalaysiaTrulyAsia # Johor # food # ttot	0
Johor Laksa , some say the best in $T$ . # MyFest2015 # MalaysiaTrulyAsia # Johor # food # ttot	0
Johor Laksa , some say the best in Malaysia . # MyFest2015 # MalaysiaTrulyAsia $T$ # food # ttot	0
$T$ lobby	0
RT @ HuffingtonPost : Reality show lifts women farmers out of poverty in $T$	0
In the university town Be ' er Sheva for a couple days , home to $T$	0
RT @ EW : $T$ prepares to meet an old enemy in new # DoctorWho season prologue :	0
RT @ alphabetsuccess : In Living Color by $T$ https : t . co lRHsQF68In	0
The @ PredsFoundation made a special delivery to $T$ this week - - gt # Preds	0
The @ PredsFoundation made a special delivery to Barefoot Republic this week - - gt $T$	0
RT @ HuffingtonPost : $T$ named best beach in the United States	0
RT @ HuffingtonPost : Siesta Beach named best beach in the $T$	0
RT @ OffshoreME : Launched in 2013 , @ TechnipGroup ' s $T$ is one of the fastest , largest , and highest capability pipelay vessels http :	0
RT @ dr morton : Much like $T$ , I believe in Magic . . . Have an # AWESOME Day ! - )	0
$T$ in gallery with one of my paintings on back wall from # medea series go for gallery info	0
RT @ VICE : This woman led the $T$ and lived # OITNB in real life :	0
RT @ VICE : This woman led the Latin Kings and lived $T$ in real life :	0
RT @ KentState : Happy 3rd birthday to # KentState ' s Police Services ' first police dog , $T$ ! Read about Coco :	0
RT @ KentState : Happy 3rd birthday to # KentState ' s Police Services ' first police dog , Coco ! Read about $T$ :	0
$T$ nights in the sky . Summer forever	0
RT @ Kennywood PR : Most amazing wall in $T$ @ butcherntherye	0
RT @ laurenchurcher : cheeky game of table tennis in $T$ !	0
RT @ SoccerrProblems : $T$ stays winning	0
I just read the article $T$ hungry for more after . . . using the Official UEFA EURO 2012 app	0
I just read the article Balotelli hungry for more after . . . using the Official $T$ EURO 2012 app	0
RT @ MelbourneGA : Hard at work through the eyes of our $T$ student @ Moniquearonica # lifeatGA	0
RT @ PDChina : Over 800 Students at a high school in $T$ took their final exam on June 3 at poplar woods on campus	0
RT @ rappersaid : When $T$ from Drake and Josh said , well why was ur door under my bucket	0
RT @ rappersaid : When Megan from $T$ and Josh said , well why was ur door under my bucket	0
RT @ rappersaid : When Megan from Drake and $T$ said , well why was ur door under my bucket	0
Details on our newly announced $T$ :	0
RT @ MajorCrimesTNT : Happy birthday , @ grahamPmartin ! RT and give $T$ a birthday shout - out !	0
Good times at $T$ # CNYJFK RT @ KristySmorol : Look who I ran into on my early morning flight to NYC . @ BrandonRothCNY	0
Good times at JFK # CNYJFK RT @ KristySmorol : Look who I ran into on my early morning flight to $T$ . @ BrandonRothCNY	0
The 12 top events to check out during $T$ : via @ torontodotcom	0
RT @ VeryOldPics : $T$ , 1962 amp 1969	0
Occupational hazard : $T$ takes a hit as he breaks up Oduya and Brown . Photos :	0
Occupational hazard : Linesman Derek Amell takes a hit as he breaks up $T$ and Brown . Photos :	0
Occupational hazard : Linesman Derek Amell takes a hit as he breaks up Oduya and $T$ . Photos :	0
RT @ MahaveerM : $T$ is Home 2 All Terrorists , Houses Them amp Gives THEM VIP treatment # ProudOfRAW	0
Saw Amazing views and combatted fears of heights from the top of the $T$ on a tour with @ citywonderstours	0
RT @ ComplexPop : Actor $T$ turns 63 today .	0
RT @ uoklasports : 17 Days Until $T$ # CountdowntoKickoff	0
RT @ MustangKings : How many will retweet for $T$	0
Peace out $T$ # USA	0
Peace out Germany $T$	0
RT @ EarthPix : $T$ , Queensland , Australia By Matt Glastonbury	0
RT @ EarthPix : Misson Beach , $T$ , Australia By Matt Glastonbury	0
RT @ EarthPix : Misson Beach , Queensland , $T$ By Matt Glastonbury	0
RT @ EarthPix : Misson Beach , Queensland , Australia By $T$	0
RT @ CBSSports : $T$ has a new gameplan that can ' t miss . . .	0
RT @ TelegraphNews : $T$ snaps up new multi - million pound mansion in Hampstead	0
RT @ TelegraphNews : Jamie Oliver snaps up new multi - million pound mansion in $T$	0
RT @ chicagotribune : Sign points to $T$ , Trump faceoff . ' The mayor thinks the sign is awful ' @ BlairKamin reports h	0
RT @ chicagotribune : Sign points to Emanuel , $T$ faceoff . ' The mayor thinks the sign is awful ' @ BlairKamin reports h	0
RT @ wkyc : $T$ : Police , humane officers raid dog - fighting ring via @ WKYC	0
RT @ ThislsAmazing : $T$	0
RT @ EntrepreneurQ : Managing by trying to be liked is the path to ruin $T$	0
RT @ ianbremmer : Still Looking for $T$	0
RT @ BeUpHarryStyles : RT if you love $T$ Follow me i follow back	0
RT @ skift : The Evolution of $T$ ' s @ PartsUnknownCNN	0
RT @ SportsCenter : Have a 3rd quarter , $T$ Thompson . Thompson scores 37 of the Warriors 41 points in the 3rd quarter .	0
RT @ SportsCenter : Have a 3rd quarter , Klay $T$ . Thompson scores 37 of the Warriors 41 points in the 3rd quarter .	0
RT @ SportsCenter : Have a 3rd quarter , Klay Thompson . $T$ scores 37 of the Warriors 41 points in the 3rd quarter .	0
RT @ Cmdr Hadfield : $T$ , one of the largest metropolitan areas on Earth - housing roughly the same population as Australia . http : . . .	0
RT @ Cmdr Hadfield : Mexico City , one of the largest metropolitan areas on Earth - housing roughly the same population as $T$ . http : . . .	0
To read well is an act of dynamic receptivity that creates a profound exchange . $T$ # amwriting # writing	0
RT @ MakingOfs : $T$ on set with Annie Potts while filming Ghostbusters , circa 1983	0
RT @ MakingOfs : Harold Ramis on set with $T$ while filming Ghostbusters , circa 1983	0
RT @ MakingOfs : Harold Ramis on set with Annie Potts while filming $T$ , circa 1983	0
$T$ has this message for Liverpool fans after difficult season .	0
Mario Balotelli has this message for $T$ fans after difficult season .	0
RT @ geertwilderspvv : No more islam - from $T$ to The Netherlands ! # nomoreislam	0
RT @ geertwilderspvv : No more islam - from Pakistan to The $T$ ! # nomoreislam	0
RT @ NiallOfficial : Look what I now have for tour ! Big love to $T$ for making them for me	0
RT @ SlyDude3677 : $T$ on the Supreme Court . . . . . # uniteblue # tcot # scotus # warren	0
RT @ SlyDude3677 : Elizabeth Warren on the $T$ . . . . . # uniteblue # tcot # scotus # warren	0
RT @ SlyDude3677 : Elizabeth Warren on the Supreme Court . . . . . # uniteblue # tcot $T$	0
RT @ dreamteamfc : Still coming to terms with the fact that $T$ and Ibrahim Afellay are both 29 .	0
RT @ dreamteamfc : Still coming to terms with the fact that Charlie Adam and $T$ are both 29 .	0
RT @ Bipartisanism : $T$ and Barack Obama are the only two presidents in 50 years to reduce the deficit . # tcot	0
RT @ Bipartisanism : Bill Clinton and $T$ are the only two presidents in 50 years to reduce the deficit . # tcot	0
RT @ oldpicsarchive : $T$ plays for his wife in Giza ( 1961 )	0
RT @ oldpicsarchive : Louis Armstrong plays for his wife in $T$ ( 1961 )	0
RT @ Goon Aaron : $T$ would be happy if this happened in fast 7	0
RT @ Goon Aaron : Paul walker would be happy if this happened in $T$	0
Meet $T$ tomorrow at the next @ ewomennetwork NYC event ! https : t . co GWovTFggbP	0
Meet Lisa Nichols tomorrow at the next @ ewomennetwork $T$ event ! https : t . co GWovTFggbP	0
Good morning from $T$ !	0
RT @ DrEdwardG : Lonely boat by $T$	0
RT @ ADPS911 : . @ Medic PipeBand entertain the $T$ gala attendees before dinner . # PCCconf	0
RT @ hahnsmith : $T$ enjoying his first morning at the lake .	0
RT @ Esthermccarthy : The new $T$ landscape is starting to look a lot like Maggie Simpson # GE2015	0
RT @ Esthermccarthy : The new UK landscape is starting to look a lot like $T$ # GE2015	0
RT @ EAMaddenNFL : $T$ SPIKE # INDvsNE	0
RT @ WW 1Dupdates : the boys on stage tonight in $T$ , Norway ! # 11	0
RT @ WW 1Dupdates : the boys on stage tonight in Oslo , $T$ ! # 11	0
RT @ Aldy 47 : My Little big sis on the box doing makeup on $T$ on the show work experience . @ aldridgeMUA # greatMUA . . .	0
RT @ coolestpicshq : $T$ City Skyline Evolution	0
A Beautiful Girl does $T$ , hope this happens in # MalaysiaTrulyAsia one day too . # MyFest2015 # food # ttot	0
$T$ versions of @ GordonRamsay shows are so much better than the Fox ones . # bloddywelldone	0
BBC versions of @ GordonRamsay shows are so much better than the $T$ ones . # bloddywelldone	0
RT @ BBCNewsAsia : Journalists in $T$ pay tribute to Sardar Ahmad , AFP reporter killed in Taliban attack http	1
RT @ BBCNewsAsia : Journalists in # Afghanistan pay tribute to $T$ , AFP reporter killed in Taliban attack http	1
RT @ BBCNewsAsia : Journalists in # Afghanistan pay tribute to Sardar Ahmad , AFP reporter killed in $T$ attack http	1
RT @ TheStalwart : THE $T$ SURVIVES	0
RT @ Recode : $T$ formally files plan to split up by @ ahess247	0
RT @ BusbyBulletin : $T$ with a classy message to the fans to thank them for their support . Second to last line is brilliant . # MUFC ht	0
RT @ BusbyBulletin : Tom Thorpe with a classy message to the fans to thank them for their support . Second to last line is brilliant . $T$ ht	0
I don ' t think there ' s much of a wait for a gate in $T$ , Maine	0
I don ' t think there ' s much of a wait for a gate in Bangor , $T$	0
Anyone know what this bush with the red berries is ? In $T$ .	0
RT @ ThirtySecFights : $T$ looks wild	0
RT @ GoRogerFederer : Goodbye $T$ . . . # FedererTwins	0
The $T$ is one of my favorite characters in D . O . A . ( 1950 ) . # 31DaysOfTCMFF # tcmff # EdmondOBrien @ tcm	0
RT @ sounderatheart : That $T$ stomp on Clint Dempsey was pretty ugly	0
RT @ sounderatheart : That Marcelo Sarvas stomp on $T$ was pretty ugly	0
RT @ ross rlz : $T$ originated the role of Nathan Detroit on the stage . # TCMParty	0
RT @ ross rlz : Sam Levene originated the role of $T$ on the stage . # TCMParty	0
RT @ History Pics : Today in 1953 : The coronation of Queen $T$ took place in Westminster Abbey , London .	0
RT @ History Pics : Today in 1953 : The coronation of Queen Elizabeth II took place in $T$ , London .	0
RT @ History Pics : Today in 1953 : The coronation of Queen Elizabeth II took place in Westminster Abbey , $T$ .	0
$T$ looking great for his wedding day today . Dressed and fitted by Black Tie Formalwear . # wedding # tux	0
Eric Afable looking great for his wedding day today . Dressed and fitted by $T$ . # wedding # tux	0
RT @ SouthPark : Check out the new $T$ shirts in the Shop !	0
RT @ PATTERNITWEET : $T$ Photo by Sean Woodrow amp David Corns	0
RT @ PATTERNITWEET : TOAST SETTING Photo by $T$ amp David Corns	0
RT @ PATTERNITWEET : TOAST SETTING Photo by Sean Woodrow amp $T$	0
RT @ FootyHumour : Sums up $T$ in this World Cup .	0
RT @ FootyHumour : Sums up Argentina in this $T$ .	0
RT @ RTGIFS : $T$ puts it down ! !	0
I love animals , so nice to see them getting along ! Here are our dogs , $T$ and Salem , laying together @ ELM LiveWire	0
I love animals , so nice to see them getting along ! Here are our dogs , Greek and $T$ , laying together @ ELM LiveWire	0
Principal Clif Alexander teaching students at $T$ to # NeverForget 9 11	0
RT @ HuffingtonPost : A $T$ donut hot dog covered in bacon now exists	0
$T$ refugee kids locked up in # Egypt police stations get skin diseases due to horrid conditions amp no natural light	0
# Syria refugee kids locked up in $T$ police stations get skin diseases due to horrid conditions amp no natural light	0
Of course Tesla has a solar camera battery to document their $T$ buildout Video	0
RT @ Glamberttt : I think that $T$ and Sauli are having fun right now at their bedroom , a lot of fun . . . Morning sex D . . . . . .	0
RT @ Glamberttt : I think that Adam and $T$ are having fun right now at their bedroom , a lot of fun . . . Morning sex D . . . . . .	0
RT @ CoachellaFSHN : $T$ and Halsey	0
RT @ CoachellaFSHN : Lido and $T$	0
No one has ever become poor by giving . $T$	0
Quick ! Last day to grab our Exclusive SpaceCadet Project Bags by $T$ !	0
ICYMI : $T$ Ships Undertook # InnocentPassage In U . S . Territorial Waters ( STORY )	0
. @ EMCIsilon is a scale - out standout in the latest $T$ report :	0
Pretty , minimalist fashion illustrations by $T$	0
RT @ SportsCenter : Intense . . . $T$ and Bethe Correia are ready for UFC 190 .	0
RT @ SportsCenter : Intense . . . Ronda Rousey and $T$ are ready for UFC 190 .	0
RT @ SportsCenter : Intense . . . Ronda Rousey and Bethe Correia are ready for $T$ 190 .	0
RT @ eyeonnewroc : $T$ state thruway	0
$T$ , RIP . # PenicillinonCotton	0
RT @ rabbleca : $T$ plans to privatize First Nations water services . WHY ? # cdnpoli	0
RT @ rabbleca : Harper plans to privatize $T$ water services . WHY ? # cdnpoli	0
Shhh ! ! ! $T$ is sleeping ! ! ! Lol	0
RT @ TheKOQ : Look what they bought me at $T$ ! - Arthur # SwitchSitters # TheKingofQueens	0
Yes , indeed , we have a sloth . He lives in the $T$ while his home is being renovated . Photo by Marianne Hale	0
Yes , indeed , we have a sloth . He lives in the Lion House while his home is being renovated . Photo by $T$	0
RT @ revbillytalen : At 10 : 56 pm $T$ on July 20 , 1969 , Neil Armstrong stepped onto the moon .	0
RT @ MMDA : LIVE : # MMShakeDrill Simulated Helicopter Rescue at $T$ .	0
RT @ warriors : $T$ ' s so good , even Kanye smiles . # MVP	0
RT @ warriors : Steph Curry ' s so good , even $T$ smiles . # MVP	0
RT @ warriors : Steph Curry ' s so good , even Kanye smiles . $T$	0
Worst part about being in $T$ , everyone knows where I live . Also , everyone knows that we get free PPV .	0
This is why I ' m the favorite child . . . Cause I bring lunch to @ AimeeRNqt all the way in $T$	0
A beautiful night time photo of the $T$ in Sydney Australia . ( Photo by Glen Anderson ) # Travel	0
A beautiful night time photo of the Sydney Opera house in $T$ . ( Photo by Glen Anderson ) # Travel	0
A beautiful night time photo of the Sydney Opera house in Sydney Australia . ( Photo by $T$ ) # Travel	0
RT @ wcaleb : Found in papers of historian $T$ .	0
RT @ SubculturedArts : Underwater Study 2826 by $T$ @ HowardSchatz1	0
Got the # teas like $T$ ?	0
RT @ businessinsider : Online shopping has arrived in $T$	0
RT @ LoganLerman : Last day of shooting on $T$ .	1
RT @ geertwilderspvv : ISIS - execution in $T$ . # thugs # nomoreislam	0
# Twinning with @ PeteWeberSports on # HockeyFightsCancer night in $T$ . @ nhlties	0
RT @ GuardianUS : $T$ and YouTube now make up a majority of US internet traffic . See for yourself :	0
RT @ GuardianUS : Netflix and $T$ now make up a majority of US internet traffic . See for yourself :	0
RT @ GuardianUS : Netflix and YouTube now make up a majority of $T$ internet traffic . See for yourself :	0
Thank you @ MISSOR2013 $T$ for an outstanding year of service ! Allison crowns # MissOR2014 this weekend .	0
Thank you @ MISSOR2013 Allison Cook for an outstanding year of service ! $T$ crowns # MissOR2014 this weekend .	0
RT @ extra3 : # JesuisSepp und $T$ . # Blatter # BlatterOut # FIFA	0
RT @ extra3 : # JesuisSepp und Bernie . $T$ # BlatterOut # FIFA	0
RT @ UKenyatta : With the new Inspector General of Police , $T$ .	0
RT @ Phrases Cultes : $T$ .	0
What a lark ! Filming Mrs . $T$ documentary at British Library for their online collection .	0
What a lark ! Filming Mrs . Dalloway documentary at $T$ for their online collection .	0
gt lt gt The thief comes only to # steal and kill and # destroy . $T$ 10 : 10a ESV	0
RT @ RoyalTramps : Why we love $T$ ! His Bold words . . . . .	0
Oil Drops Sharply as $T$ Expects Inventories to Rise - via @ YahooFinance	0
RT @ BuzzFeed : $T$ Player ' s Daughter Writes Adorable Letter Asking Team To Trade For Him So He Can Come Home	0
RT @ mattcawby : $T$ B - 2481 departing Paine Field on a short VFR flight	0
RT @ mattcawby : Air China 747 - 8i B - 2481 departing Paine Field on a short $T$ flight	0
RT @ Markfergusonuk : $T$ , aged 6 , is the voice of a nation today	0
RT @ BestMusicLyric : $T$	0
RT @ ESPNNFL : Pretty cool scene in $T$ pregame on the 200th anniversary of the Star Spangled Banner .	0
RT @ ESPNNFL : Pretty cool scene in San Francisco pregame on the 200th anniversary of the $T$ .	0
The dynamic architecture of St . Paul , $T$	0
RT @ mjesusgz : $T$ by Alan Wolton - # pintura # art # artwit # twitart # fineart # painting	0
RT @ mjesusgz : Royal Red Lilies by $T$ - # pintura # art # artwit # twitart # fineart # painting	0
RT @ AmericanaFest : $T$ was born on May 24th 1941 in Duluth , MN . Happy Birthday , Bob !	0
RT @ AmericanaFest : Robert Allen Zimmerman was born on May 24th 1941 in $T$ , MN . Happy Birthday , Bob !	0
RT @ AmericanaFest : Robert Allen Zimmerman was born on May 24th 1941 in Duluth , $T$ . Happy Birthday , Bob !	0
RT @ AmericanaFest : Robert Allen Zimmerman was born on May 24th 1941 in Duluth , MN . Happy Birthday , $T$ !	0
The most improved $T$ goes to : Great American Insurance ! # apmperform , @ CompuwareAPM	0
The most improved APM Maturity award goes to : $T$ ! # apmperform , @ CompuwareAPM	0
RT @ StoryOfEarth : $T$ , Iceland .	0
Creativity comes from the freedom to fail . $T$ # amwriting # writing # writingtip	0
RT @ HistoryInPics : The $T$ , 1965	0
Onlookers all the way to platform across the street on $T$ st . # OccupyHK	0
@ KipchumbaAtanas Read the $T$ marketers .	0
After their 13 year old sons drowned in the $T$ on Friday two mothers call for change . More on @ PIX11News	0
RT @ ChiLoopAlliance : Crews uncovered old streetcar rails yesterday while working on the $T$ project in the Loop . HT @ ChicagosMayor	0
@ ShaneFarthing : . @ bmorebikes kicking things off at @ BikeMaryland symposium in $T$ . # mdbike15	0
Rep . $T$ Apologizes for disappointing those who wanted him to run for re - election .	0
When your family goes to $T$ without you	0
What do health heroes look like ? $T$ died AIDS 1996 , Dr Lukwiya died Ebola 2000 . 52yrs serving # Uganda	0
What do health heroes look like ? Dr Lucille Corti died $T$ 1996 , Dr Lukwiya died Ebola 2000 . 52yrs serving # Uganda	0
What do health heroes look like ? Dr Lucille Corti died AIDS 1996 , $T$ died Ebola 2000 . 52yrs serving # Uganda	0
What do health heroes look like ? Dr Lucille Corti died AIDS 1996 , Dr Lukwiya died $T$ 2000 . 52yrs serving # Uganda	0
What do health heroes look like ? Dr Lucille Corti died AIDS 1996 , Dr Lukwiya died Ebola 2000 . 52yrs serving $T$	0
British ambassador to $T$ H . H . Nicholas Hopton launching The British Festival .	0
British ambassador to Qatar H . H . Nicholas Hopton launching $T$ .	0
RT @ ChrisMegerian : Statement from $T$ spokesman on opposition to current version of SB 32	0
RT @ ChrisMegerian : Statement from Brown spokesman on opposition to current version of $T$	0
Sailing Boat on $T$ River Waveney in The Broads National Park . See more :	0
Sailing Boat on the $T$ in The Broads National Park . See more :	0
Sailing Boat on the River Waveney in $T$ . See more :	0
RT @ IndyUSA : Watch the $T$ light up for marriage equality tonight . # LoveWins	0
RT @ GoPro : Cruising $T$ with Samson Nelson and friends .	0
RT @ GoPro : Cruising Grenada with $T$ and friends .	0
RT @ ianbremmer : $T$ in Riyadh .	0
RT @ ianbremmer : Tony Blair in $T$ .	0
RT @ Entrepreneur : Happy Birthday , $T$ .	0
RT @ educationweek : $T$ is taking a lead - from - behind approach with its new funding plan :	0
NewtonMA : Disability Awareness Book Club at $T$ via @ PragmaticMom	0
RT @ SkyNews : $T$ should be placed back on US terror list says report	0
RT @ SkyNews : North Korea should be placed back on $T$ terror list says report	0
Yolo $T$	0
Rep . $T$ mingling ahead of press conference , expected to announce retirement .	0
RT @ cravetheauto : $T$ ! # RAIDERS DONALD PENN signing autographs SUN , MAY17 ! @ DPENN70	0
RT @ cravetheauto : CALIFORNIA ! $T$ DONALD PENN signing autographs SUN , MAY17 ! @ DPENN70	0
RT @ cravetheauto : CALIFORNIA ! # RAIDERS $T$ signing autographs SUN , MAY17 ! @ DPENN70	0
Pick of the day : Honest , $T$ . A new play about a run - down street in Horfield .	0
Pick of the day : Honest , Alma Tavern Theatre . A new play about a run - down street in $T$ .	0
RT @ Nickalaws : This whole $T$ shit has me like	0
RT @ dvmonique : $T$ had me like . .	0
Good morning , church ! Grab a coffee from $T$ and join us at 9 or 11 am . Watch online :	0
RT @ PLargePro : $T$ , Moustachio , LP , Oxygen , Edan in the Record Store # Academy	0
RT @ PLargePro : Chairman , $T$ , LP , Oxygen , Edan in the Record Store # Academy	0
RT @ PLargePro : Chairman , Moustachio , $T$ , Oxygen , Edan in the Record Store # Academy	0
RT @ PLargePro : Chairman , Moustachio , LP , $T$ , Edan in the Record Store # Academy	0
RT @ PLargePro : Chairman , Moustachio , LP , Oxygen , $T$ in the Record Store # Academy	0
@ MikeAndMike : $T$ being out for season , KD needs bone graft surgery , out 4 - 6 months . Hope he makes it back .	0
@ MikeAndMike : Kevin Durant being out for season , $T$ needs bone graft surgery , out 4 - 6 months . Hope he makes it back .	0
$T$ Is Gearing Up fo . . . # Marketing # Socialmedia # Mercadotecnia	0
NOW : Family of $T$ man killed fighting ISIS in Syria speaking to reporters . # FOX25	1
NOW : Family of Massachusetts man killed fighting $T$ in Syria speaking to reporters . # FOX25	1
NOW : Family of Massachusetts man killed fighting ISIS in $T$ speaking to reporters . # FOX25	1
Please pray for me , $T$ is having 10 friends over today ! # birthdayparty # headache	0
RT @ ATHNICO : Friends $T$ appetite . . . Greetings from Greece	0
RT @ ATHNICO : Friends Bon appetite . . . Greetings from $T$	0
New official # advertising platform : $T$ Launches Paid Ads With Kraft , @ Gap , Others	0
New official # advertising platform : Pinterest Launches Paid Ads With $T$ , @ Gap , Others	0
@ Bflucky @ EddieEddiboy70 $T$ wants you to lay back , relax and enjoy your Caturday ! Especially , Daisy ! )	0
@ Bflucky @ EddieEddiboy70 Remy wants you to lay back , relax and enjoy your Caturday ! Especially , $T$ ! )	0
Somebody ' s poking his head into $T$	0
RT @ bidorbuyKenya : One of our customers asked us if we have the latest $T$ yet ? Not just yet , but we have FIFA 15 amp its still great ! ht	0
RT @ bidorbuyKenya : One of our customers asked us if we have the latest FIFA 16 yet ? Not just yet , but we have $T$ amp its still great ! ht	0
Artist amp photographer $T$ makes # actionfigures amp brings them 2 life w body language .	0
$T$ catches up on the news while waiting for her morning coffee . # WeReadHere # InternationalLiteracyDay	0
RT @ REDTAMPICO : Invitan a Concierto de Tenores para restaurar Catedral @ diocesistampico $T$ # Tamaulipas	0
RT @ REDTAMPICO : Invitan a Concierto de Tenores para restaurar Catedral @ diocesistampico # Tampico $T$	0
2015 $T$	0
Colorful portraits of famous characters by $T$	0
RT @ Stratfor : Read to learn how $T$ uses Russia to strengthen its position . https : t . co 7UQeM4rEfq	0
RT @ Stratfor : Read to learn how Greece uses $T$ to strengthen its position . https : t . co 7UQeM4rEfq	0
RT @ sneakernews : This might be the rarest pair of $T$ ever	0
Coal miners in downstate $T$ , Ill . listen to Bruce Rauner . Campaign trail photos : # twill	0
Coal miners in downstate Cutler , Ill . listen to $T$ . Campaign trail photos : # twill	0
Spotted in $T$ . Who else shares my unnatural love for # Gudetama ? @ hannanimal ?	0
Spotted in Silver Lake . Who else shares my unnatural love for $T$ ? @ hannanimal ?	0
Now performing $T$ on the violin , senior Katherine Vaaler . # HailVikings # PHSMusic	0
Now performing Beethoven on the violin , senior $T$ . # HailVikings # PHSMusic	0
RT @ MBLAQINDONESIA : $T$ Still Cuts # 4	0
RT @ cooke13 cooke : Good Base Pass session last night at $T$ with @ RichieRees @ jon09evans	0
@ kidrauhlmally and me with $T$ . We will never forget those days .	0
5am temperature check : A mild start for most . $T$ in the low 60s ! Cooler along LI . @ PIX11News	0
5am temperature check : A mild start for most . Central Park in the low 60s ! Cooler along $T$ . @ PIX11News	0
RT @ Jay Naidoo : The definition of a conspiracy theorist . # paranoia $T$	0
RT @ jeffkazee : Backwards setlist ! $T$ , Sweden was lovely . . . on a bus overnight to Norway . . .	0
RT @ jeffkazee : Backwards setlist ! Stockholm , $T$ was lovely . . . on a bus overnight to Norway . . .	0
RT @ jeffkazee : Backwards setlist ! Stockholm , Sweden was lovely . . . on a bus overnight to $T$ . . .	0
RT @ chiarchitecture : The Duck : A tiny house that sat next to the $T$ ( background ) . How things do change . . . via @ ForgottenChi http	0
RT @ SportsCenter : After a great spring training , $T$ continued his great production for Triple - A Iowa .	0
RT @ SportsCenter : After a great spring training , Kris Bryant continued his great production for $T$ .	0
RT @ CERN : Breaking news : $T$ researchers confirm existence of the Force	1
Great photo ! RT @ indiewire $T$ accepts his 2nd award of the night for @ fruitvalemovie , winning the Grand Jury Prize	0
Great photo ! RT @ indiewire Coogler accepts his 2nd award of $T$ night for @ fruitvalemovie , winning the Grand Jury Prize	0
Great photo ! RT @ indiewire Coogler accepts his 2nd award of the night for @ fruitvalemovie , winning $T$	0
RT @ SportsNation : When $T$ gets on social media defending you :	0
Thank you @ Servcorp $T$ for the healthy snacks ahead of @ Qatar NSD . Healthy lifestyle tips :	0
RT @ T twitt : $T$ in Yves Saint Laurent Ensemble , photo by Berry Berenson for Vogue , 1972	0
RT @ T twitt : Edie Baskin in $T$ , photo by Berry Berenson for Vogue , 1972	0
RT @ T twitt : Edie Baskin in Yves Saint Laurent Ensemble , photo by $T$ for Vogue , 1972	0
RT @ T twitt : Edie Baskin in Yves Saint Laurent Ensemble , photo by Berry Berenson for $T$ , 1972	0
RT @ Bipartisanism : $T$ shoots a rainbow out of his hand as he departs from # Jamaica .	1
RT @ Bipartisanism : President # Obama shoots a rainbow out of his hand as he departs from $T$ .	1
When u live in the desert but still get more rain than $T$	0
Happy birthday to $T$ legend Thierry Henry . The Frenchman turns 38 today .	0
Happy birthday to Arsenal legend $T$ . The Frenchman turns 38 today .	0
RT @ Stratfor : In $T$ , Gazprom has big plans even as the economy falters .	0
RT @ Stratfor : In Russia , $T$ has big plans even as the economy falters .	0
RT @ CuntsWatching : I don ' t mean to alarm you $T$ . . . but I think you ' ve lost your horse	0
My hamster . On my piano . Eating popcorn . On my piano . I named him $T$ . I loves him . # brilliant @ MrDerekNoakes	0
RT @ OnlyHipHopFacts : When $T$ said I can dig rappin ' But a rapper with a ghost writer ? What the fuck happened ?	0
Proud to honor @ bigshoulderschi , @ McCormick Fdn , amp $T$ of Hyde Park Day School	0
Proud to honor @ bigshoulderschi , @ McCormick Fdn , amp Pamela Adelman of $T$	0
They Said It : $T$ , Founding Father and 3rd U . S . President , on the Right to Trial by Jury . # PresidentsDay	0
They Said It : Thomas Jefferson , Founding Father and 3rd U . S . President , on the Right to Trial by $T$ . # PresidentsDay	0
RT @ matthewmui : We will be serving dinner at $T$ off 1712 westhiemer from 6 - 10 . Stop by if you in the Montrose area !	0
RT @ matthewmui : We will be serving dinner at Agora off 1712 westhiemer from 6 - 10 . Stop by if you in the $T$ area !	0
RT @ hecticnine9 : CONGRATULATIONS to our Top 2 , @ ANOMSA and $T$ ! # SurviveIt	0
RT @ hecticnine9 : CONGRATULATIONS to our Top 2 , @ ANOMSA and Claude ! $T$	0
RT @ hahnenkammrace : Great news from $T$ this morning : We got some snow !	0
RT @ politiccautious : $T$ on local journalism ( from this interview via @ TomChivers )	0
RT @ WDBJ7 : We love you , $T$ and Adam .	0
RT @ WDBJ7 : We love you , Alison and $T$ .	0
RT @ Erwinlandman72 : De auto van $T$ van hyacinten bloemenvgemaakt # bloemendagen # AnnaPaulowna	0
Naked mannequins , tastefully photographed . $T$ , IL	0
Naked mannequins , tastefully photographed . Carbondale , $T$	0
$T$ awaiting his turn . # PredsDevCamp	0
RT @ jasonraidstombs : Found this too funny xD photo cred : $T$	0
Things are looking up from the crown of the $T$	0
$T$ in the snow	0
RT @ TIME : PHOTOS : $T$ , from prisoner to president ( Image : @ AP )	0
$T$ IS SO CUTE AND LOU IS SOOO STUNNING	0
NIALL IS SO CUTE AND $T$ IS SOOO STUNNING	0
RT @ NGFoloBack : # ChangeIsHere . Retweet to say bye to former President of $T$	0
RT @ arthoestuff : $T$	0
Protesters pray in front of a $T$ station on Harrison for Roshad McIntosh , shot and killed by police	1
Protesters pray in front of a CPD station on $T$ for Roshad McIntosh , shot and killed by police	1
Protesters pray in front of a CPD station on Harrison for $T$ , shot and killed by police	1
@ idontfeelbad Hey Aubrey check out this Music Craft Beer BBQ Event for the $T$	0
RT @ AngelieDeee : So apparently $T$ was found at this church with his pitchfork . Lmao .	0
. @ AspenInstitute is leading a great discussion on credit building with @ MAFpajarito , @ LISC HQ , $T$ . # ALC2014	0
Body found in $T$ river identified as missing Wall Street Journal reporter .	0
Body found in New Jersey river identified as missing $T$ reporter .	0
$T$ likes to be the center of attention .	0
My two boys ! Looking forward to see them both when go back to $T$ for mid term break # huaHin # bulldogs	0
RT @ nfl : $T$ accepts the 2014 Salute to Service Award presented by @ USAA ! # NFLHonors	0
RT @ nfl : Jared Allen accepts the $T$ presented by @ USAA ! # NFLHonors	0
Thank you , $T$ ! Had an amazing time w you !	0
# Kings $T$ loses his helmet against the # Blackhawks Trib photos :	0
# Kings Jonathan Quick loses his helmet against the $T$ Trib photos :	0
The best way to make your dreams come true is to wake up . $T$ # amwriting # writing	0
RT @ mtn dew : No , this isn ' t a mirage . $T$ is in bottles and cans for the # SummerOfBaja only .	0
RT @ WanderlustersUK : My 4 Wheeled Adventure Across $T$ # wluk # ttot	0
RT @ FightsOnVine : $T$ TOO WILD	0
RT @ voxdotcom : $T$ ' s huge weekend at the box office is a new milestone for Clint Eastwood	0
RT @ voxdotcom : American Sniper ' s huge weekend at the box office is a new milestone for $T$	0
RT @ verge : $T$ employees will start searching bags for selfie sticks	0
@ heatheradamo check out these guys from $T$ ! # SJOR	0
RT @ RGrangui : 10 reasons why people fall in love With $T$	0
RT @ RembranceOfPast : In 1963 , wives say goodbye to their loved ones in the $T$ .	0
A $T$ couple killed in the USVI . . . their adopted son accused . . . Those that knew them at 10 and 11 # fox25	1
A Sudbury couple killed in the $T$ . . . their adopted son accused . . . Those that knew them at 10 and 11 # fox25	1
RT @ metalinjection : The Best Worst $T$ The Beautiful People Cover Ever	0
RT @ NewPakistan2020 : Glimpse of $T$ # Murree . Circa 1910s at Murree Hill Station .	0
RT @ NewPakistan2020 : Glimpse of The Mall $T$ . Circa 1910s at Murree Hill Station .	0
RT @ NewPakistan2020 : Glimpse of The Mall # Murree . Circa 1910s at $T$ .	0
RT @ ArizonaDOT : A collection of debris is blocking the right lane of L - 202 West at $T$ .	0
Elbows on the stage for $T$ at MetLife Stadium	0
Elbows on the stage for Bruce at $T$	0
RT @ msnbc : $T$ fires officer in charge of the Guantanamo Bay naval station amid murder investigation :	0
RT @ msnbc : US Navy fires officer in charge of the $T$ naval station amid murder investigation :	0
I am $T$ and I love to sleep	0
RT @ mrjakehumphrey : Love this . $T$ , 850 sofas amp a 700 inch screen for the Portugal game . Quality .	0
RT @ GreaterLowellCC : $T$ from Merrimack Valley Catholic Charities is on Chamber Chat with us ! # glcoc	0
RT @ GreaterLowellCC : Ethel Higgins from $T$ is on Chamber Chat with us ! # glcoc	0
RT @ GreaterLowellCC : Ethel Higgins from Merrimack Valley Catholic Charities is on $T$ with us ! # glcoc	0
RT @ mosiahtosh : RIP $T$ . Pouring a 40 out for u bro	0
COME SI SELEZIONA $T$ . . . . .	0
RT @ Snoopy : $T$ plays the piano .	0
# Tourist at the $T$	0
Congratulations to $T$ @ laceysan on being crowned Miss Louisiana 2014 ! # MA2015 # MissAmerica	0
Congratulations to Lacey Sanchez @ laceysan on being crowned $T$ 2014 ! # MA2015 # MissAmerica	0
Success Summit delegates and coordinators , the $T$ awaits you ! See you soon ! @ KimptonInDC	0
Did you catch our # BuildingHope project on $T$ last night ? ! Watch the full segment :	0
RT @ amandakaschube : $T$ makes a heart with his crutches at today ' s rally # blackhawks @ briancassella photo	0
$T$ shooting off Linville Dr . Officers securing scene . They got the call about a half hour ago . One victim .	1
Reidsville shooting off $T$ . Officers securing scene . They got the call about a half hour ago . One victim .	1
Suspect Released in $T$ Center Workplace Murder Case	0
RT @ nbcbayarea : # BREAKING : $T$ B . B . King has died in Las Vegas at age 89 .	1
RT @ nbcbayarea : # BREAKING : King of Blues Legend B . B . $T$ has died in Las Vegas at age 89 .	1
RT @ nbcbayarea : # BREAKING : King of Blues Legend B . B . King has died in $T$ at age 89 .	1
RT @ LauraWhitehead0 : best episode of $T$	0
Climbed to the 1200 m top of $T$ and hiked some more on the plateau . 19 kms in total . Now knocked out .	0
Full statement from @ louisvillemayor on controversial letter from $T$ FOP president .	0
Full statement from @ louisvillemayor on controversial letter from # Louisville $T$ president .	0
Striking illustrations by $T$	0
RT @ FLOTUS : Photo : First Lady $T$ plants wheat seeds with students at the spring @ WhiteHouse Kitchen Garden planting : . . .	0
RT @ ESPNCFB : Best win among active $T$ QBS 1 . Jameis Winston 2 . Everett Golson # NDvsFSU	0
RT @ ESPNCFB : Best win among active FBS QBS 1 . $T$ 2 . Everett Golson # NDvsFSU	0
RT @ ESPNCFB : Best win among active FBS QBS 1 . Jameis Winston 2 . $T$ # NDvsFSU	0
RT @ brouardbenoit01 : $T$ is betting 3 billion on the Internet of Things , but will it pay off ?	0
RT @ brouardbenoit01 : IBM is betting 3 billion on the $T$ , but will it pay off ?	0
How sad . . . # CyclonePam : dramatic drone footage shows extent of damage in $T$ Via @ SBSNews	0
Why are we on $T$ now ? # SouthSudanConf	0
Good morning , $T$ . You ' re looking very quaint	0
RT @ mercnews : $T$ issues student body card to campus cat	0
Diving at $T$ , # Sabah - # MalaysiaTrulyAsia # Diving # MyFest2015 # ttot	0
Diving at Mantanani Island , $T$ - # MalaysiaTrulyAsia # Diving # MyFest2015 # ttot	0
RT @ duncanmcdonnell : This is brilliant . What $T$ will look like on the day Thatcher dies via @ clairebbbear : https : t . co O6svZlsMOL	0
RT @ duncanmcdonnell : This is brilliant . What Twitter will look like on the day $T$ dies via @ clairebbbear : https : t . co O6svZlsMOL	0
RT @ emmafgreen : $T$	0
RT @ Cooking Light : One bite will take you straight to $T$ :	0
RT @ thecoolhunter : Photographer $T$	0
Today 21 years ago in $T$ was born one of the people who ilunima me with his smile # HappyBirthdayAshton	0
Beautiful ink and fabric illustrations by $T$	0
RT @ ltsChuckBass : sushi with $T$ dream date	0
RT @ 1DAlert : $T$ on stage in Buenos Aires , Argentina last night ! ( 3 5 14 ) # 36	0
RT @ 1DAlert : Niall on stage in Buenos Aires , $T$ last night ! ( 3 5 14 ) # 36	0
RT @ historic racing : $T$ and his beautiful Porsche 550 Spyder . ( his cursed car )	0
RT @ historic racing : James Dean and his beautiful $T$ . ( his cursed car )	0
RT @ KarenCivil : Congratulations to $T$ on her marriage today to video director Alan Ferguson .	0
RT @ KarenCivil : Congratulations to Solange Knowles on her marriage today to video director $T$ .	0
$T$ ! @ SerindaSwan talks DEA Agent role on @ GracelandTV amp brings her furry friend , Buddha !	0
TMRW ! @ SerindaSwan talks $T$ Agent role on @ GracelandTV amp brings her furry friend , Buddha !	0
TMRW ! @ SerindaSwan talks DEA Agent role on @ GracelandTV amp brings her furry friend , $T$ !	0
RT @ MuhammadAli : The Greatest ! # GOAT $T$	0
$T$ also sign forward Max Reinhart - - gt and D - man Conor Allen - - gt	0
# Preds also sign forward $T$ - - gt and D - man Conor Allen - - gt	0
# Preds also sign forward Max Reinhart - - gt and D - man $T$ - - gt	0
RT @ matinsarfraz : # AFG $T$ proverb RT @ afghansayings	0
Train drivers are marching through the city to $T$ during strike action	0
$T$ is shoveling snow ! ! ! Lol	0
RT @ dcexaminer : Most newsrooms downplayed reports soldiers died while searching for $T$	0
OUTSTANDING EMPLOYEE ! $T$ at @ MACcosmetics in Edina . So friendly amp no awkwardness for a TV man buying makeup !	0
OUTSTANDING EMPLOYEE ! Erin at @ MACcosmetics in $T$ . So friendly amp no awkwardness for a TV man buying makeup !	0
$T$ ! # chicagoproud # jrw	0
Let the $T$ begin . Altomonte College will do well . @ p hectoraranda @ MiguelA19461104 @ Pontifex	0
Let the Clericus cup begin . $T$ will do well . @ p hectoraranda @ MiguelA19461104 @ Pontifex	0
RT @ theOzonedotnet : Remembering $T$	0
RT @ MassStatePolice : Photos taken from State Police Air Wing on $T$ manhunt . Media , please credit MSP for pics .	0
RT @ BestWorldPix : Lava meets the ocean , $T$ .	0
$T$ and family are making the best of a rainy day .	0
RT @ BEAUTIFULPlCS : Unreal Italian sunset . Photo by $T$ Photography .	0
RT @ FCBarcelona : From $T$ to Messi : The legend continues	0
RT @ FCBarcelona : From Zarra to $T$ : The legend continues	0
Students and staff back in class at $T$ today but cleanup is finishing up .	0
RT @ KarenCivil : Hello $T$ I missed you . .	0
$T$ Interviewed by ABC Crew during the Lunch time at Mari Vanna DC ! # marivannadc @ ovi8 @ ABC	0
Alex Ovechkin Interviewed by $T$ during the Lunch time at Mari Vanna DC ! # marivannadc @ ovi8 @ ABC	0
Alex Ovechkin Interviewed by ABC Crew during the Lunch time at $T$ ! # marivannadc @ ovi8 @ ABC	0
Cooking class with $T$ and Mokhtar @ FSMarrakech # cookingclass	0
Cooking class with Fatimzerah and $T$ @ FSMarrakech # cookingclass	0
Fire on $T$ in the Bronx @ WPIX # BreakingNews	1
Fire on Dean Ave in the $T$ @ WPIX # BreakingNews	1
How the $T$ get to your TV . I didn ' t break anything	0
I WASNT READY FOR THIS $T$	0
Watch Out ! The Beginning Mall of $T$	0
$T$ , Show 4 of 6 ! Now @ MarinTheatreCo Lunch at the Depot # millvalley	0
RT @ TFBible : Next $T$ in the making . . .	0
RT @ SeanAsheMusic : For real this guitar is the bees knees . $T$ Guitars are truly unparalleled	0
Sending cancer to $T$ ! @ AmericanCancer # RelayForLife of Kissimmee Poinciana	0
RT @ TSBible : These two pitches less than 20 miles apart . Must be some rough weather in $T$ . . .	0
RT @ CSNCoop : # ThingsTimHowardCouldSave $T$	0
RT @ worksnash : $T$ and Cam are probably the biggest dorks out there I LOVE IT	0
RT @ worksnash : Nash and $T$ are probably the biggest dorks out there I LOVE IT	0
RT @ BuzzFeedNews : Zoo Animals In $T$ On The Loose After Devastating Floods	0
RT @ RobRomig : $T$ ' s incredible Heisman moment : Sunday ' s @ registerguard @ rgsports cover . @ daviesphoto @ tompenix @ rgduckfootball	0
RT @ RobRomig : Mariota ' s incredible $T$ moment : Sunday ' s @ registerguard @ rgsports cover . @ daviesphoto @ tompenix @ rgduckfootball	0
RT @ TrapHouseMario : $T$ LOOKIN ASS NIGGA @ holllybaby	0
RT @ TrapHouseMario : RUFUS LOOKIN ASS $T$ @ holllybaby	0
Had a mini reunion last night before the $T$ dominated Wisconsin @ DaTruth 32 @ amandakperk	0
Had a mini reunion last night before the Buckeyes dominated $T$ @ DaTruth 32 @ amandakperk	0
RT @ CoachellaFSHN : $T$ and Willow Smith	0
RT @ CoachellaFSHN : Kendall Jenner and $T$	0
RT @ cnni : Children for sale are heartbreakingly easy to find in ravaged $T$ :	1
RT @ OfficialWith1D : $T$ used a fire extinguisher on Louis lol ! # OTRAToronto	0
RT @ OfficialWith1D : Liam used a fire extinguisher on $T$ lol ! # OTRAToronto	0
RT @ grivaskopti : Amazing opportunity for a production design trainer with $T$ . PLS RT via @ 4Talent	0
$T$ Stock Fades as Risk Explodes and Here Comes Apple NFLX AAPL	0
RT @ NATO MARCOM : # openspirit15 # divers from $T$ # minehunter joining their # dive area @ TheBelgianNavy # navy	0
RT @ allsongs : $T$ explains his mini - album of love songs , track by track :	0
Police plow through $T$ but crowd splits into 3 at Shan Tung St . # umhk # occupyhk	0
Police plow through Portland St but crowd splits into 3 at $T$ . # umhk # occupyhk	0
PHOTOS : Day 2 of rehearsals is done , headed to $T$ for an evening of fun ! # MissAmerica https : t . co ESwqpoTkJ2	0
@ JZ Sawicki @ BridgtonAcademy thinking of the football days being a $T$ 2003ish before we play Dartmouth	0
@ JZ Sawicki @ BridgtonAcademy thinking of the football days being a # wolverine 2003ish before we play $T$	0
Mickey ' s Diner in a train car , where I ' ve learned $T$ filmed . Reports say Emilio Estevez was nice # stpaul	0
Mickey ' s Diner in a train car , where I ' ve learned Mighty Ducks filmed . Reports say $T$ was nice # stpaul	0
RT @ kaitlin olson : A mindful substitute ! ! Thank you , Senior $T$ .	0
The story I am # writing exists . . . some place , in the air . All I must do is find it , and copy it . $T$ # amwriting	0
When u $T$ af	0
At National $T$ Holocaust Memorial Day event @ HMD UK : so much to do in the present to fully honour the past # GenPrev	0
At National UK $T$ event @ HMD UK : so much to do in the present to fully honour the past # GenPrev	0
At National UK Holocaust Memorial Day event @ HMD $T$ : so much to do in the present to fully honour the past # GenPrev	0
RT @ AtwaterWCVB : New Zealand boy $T$ meets his favorite @ celtics player @ RajonRondo # wcvb	0
RT @ AtwaterWCVB : New Zealand boy Louis Corbett meets his favorite @ celtics player @ RajonRondo $T$	0
Lots of fun judging $T$ entries , and riding in parade afterward . Thanks KCBIA . # kamloops	0
Lots of fun judging Santa Parade entries , and riding in parade afterward . Thanks $T$ . # kamloops	0
Lots of fun judging Santa Parade entries , and riding in parade afterward . Thanks KCBIA . $T$	0
Today we honor Master Trooper $T$ , Lost in the Line of Duty 20 yrs ago . Thoughts to his family amp friends !	0
RT @ ntvkenya : $T$ committee rejects nomination of Monica Juma as Secretary to Cabinet .	0
RT @ ntvkenya : National Assembly committee rejects nomination of $T$ as Secretary to Cabinet .	0
RT @ PoolOfficial : Guys ! Pink Pussy Video now on $T$ ! Just hit the Link and enjoy ! https : t . co dE1zzxbtFw # pinkpussy # pool	0
RT @ HistoryInPics : 1970s $T$ had the right idea	0
RT @ OU Football : $T$ ' s record - breaking opening performance .	1
RT @ france7776 : $T$ girls in # Sinjar defending themselves against ISIS rapists . v @ KekHamo # Shingal	0
RT @ france7776 : Yezidi girls in # Sinjar defending themselves against $T$ rapists . v @ KekHamo # Shingal	0
RT @ AthleteTweetsO : $T$ is now my new favorite player .	0
RT @ OwlsAsylum : RT @ SoulRevision : Painful RT @ AshleyCodianni : A father talks to his son about $T$ # Ferguson	0
RT @ OwlsAsylum : RT @ SoulRevision : Painful RT @ AshleyCodianni : A father talks to his son about Mike Brown $T$	0
Education in $T$ opens unlimited opportunities for us lets support # RevivingIndianEducation	0
RT @ Durban2022 : We are nearly there ! RT if you believe $T$ is # ReadyToInspire	0
RT @ alice ferrier : $T$ photoshoot ! # body - con # panels	1
RT @ WalesRugby : The remarkable haka tribute the $T$ paid to Jerry Collins this weekend	0
RT @ WalesRugby : The remarkable haka tribute the Baby Blacks paid to $T$ this weekend	0
RT @ BuzzFeed : People in $T$ waited in this crazy line for day - old NYC bagels	0
RT @ BuzzFeed : People in San Francisco waited in this crazy line for day - old $T$ bagels	0
RT @ Gabriele Corno : Journey by $T$	0
The church is about people helping to create a generation and generations to follow that serve $T$ ! @ GeorgeOWood	0
Very cool . RT @ Perspective pic Amazing art by $T$	0
RT @ BabyHomes : Tiny Home in $T$ built for 11k	0
RT @ InspiringThinkn : The time is always right to do what is right . $T$ King , Jr .	0
Good Morning from $T$ Happy rainy day	0
RT @ nytimes : It started with poor defending by $T$ on a corner kick in the 10th minute .	0
Kick off this morning Wan Ifra # DML13 in $T$ , good practicing my Spanish again : )	0
RT @ Deadspin : This $T$ flipbook is neat :	0
RT @ OpTicUpdate : The # GreenWall wishes the King @ OpTic Scumper a Happy Birthday ! Live it up , $T$ ! # HappyBDayScump	0
One last round before we leave $T$ # christmas2013	0
RT @ The Millions : $T$ writes like a man in a fever dream .	0
RT @ SexualTurnOns : RT if you used to have a crush on $T$	0
RT @ EconBizFin : $T$ , the man who founded Singapore has died , aged 91	0
RT @ EconBizFin : Lee Kwan Yew , the man who founded $T$ has died , aged 91	0
Diving $T$ # Oman tomorrow . Just had a sneak peek today at the shore close to the border with Jemen # crystalclear	0
Diving Salalah $T$ tomorrow . Just had a sneak peek today at the shore close to the border with Jemen # crystalclear	0
Diving Salalah # Oman tomorrow . Just had a sneak peek today at the shore close to the border with $T$ # crystalclear	0
RT @ n0ctowl : why is $T$ slowly turning into joyce wildenstein	0
RT @ n0ctowl : why is kylie jenner slowly turning into $T$	0
$T$ loves to take pictures of herself	0
RT @ oxfamgb : RT if , like us , you believe in these 3 steps to lasting peace in $T$ . # ceasefirenow @ foreignoffice	0
@ georgelopez when u coming to $T$ ? When u do be safe	0
RT @ ndtv : $T$ speaks about personal battle with depression	0
RT @ StevenErtelt : Rapper $T$ : My Mom Was Going to Abort Me But Changed Her Mind	0
RT @ jsmooth995 : NEW VIDEO : 12 Ways to show $T$ without a Confederate Flag ICYMI	0
RT @ jsmooth995 : NEW VIDEO : 12 Ways to show Southern Pride without a $T$ ICYMI	0
RT @ baghdadinvest : Love this . This is how $T$ has been for years , everyone living side by side : - )	0
RT @ fitsnews : $T$ Goes After Donald Trump -	0
RT @ fitsnews : Jeb Bush Goes After $T$ -	0
$T$ in # Dartmoor National Park	0
RT @ NotSportsNtn : This how $T$ be when he plays . . .	0
RT @ mashable : One of the selfie - takers at the $T$ explosion has apologized	1
$T$ 5 minutes ago	0
RT @ DaltonFishers : Sad news : $T$ has just passed away . RIP THE SITTAFORD MYSTERY ( 2006 )	0
RT @ DaltonFishers : Sad news : Geraldine McEwan has just passed away . RIP $T$ ( 2006 )	0
RT @ paschamo : $T$ , Acrylic Abstractart , p . . . by Mo Tuncay via @ artfinder	0
RT @ paschamo : Purple Day , $T$ , p . . . by Mo Tuncay via @ artfinder	0
The $T$	0
RIP , $T$ . 1910 - 2014 .	0
RT @ GeorgeTakei : As they say , comma is a bitch . ( Submitted by $T$ )	0
$T$ . . by Alexi Zaitsev	0
Girl and sea . . by $T$	0
Cell phone tower fall knocked out power in $T$ according to @ apsfyi	0
@ PzFeed : Smart Car tipping is the new trend in $T$ . classic ! But Isnt ths bullying	0
RT @ SouthPark : What seems to be the officer , problem ? $T$ # SouthPark	0
At $T$ , we constantly recycle . What practices do you do that benefits our environment ? Happy Earth Day !	0
At Indoor - Restore , we constantly recycle . What practices do you do that benefits our environment ? Happy $T$ !	0
Are you ready for some football ? $T$ is back tonight with the best coverage of AZ high school football !	0
Are you ready for some football ? VARSITY ZONE is back tonight with the best coverage of $T$ high school football !	0
RT @ designtaxi : # Recap - $T$ passengers were surprised with a personal message on the headrest	0
RT @ TransferSite : $T$ . . . The next victim !	0
gt lt gt # Fear not , therefore you are of more value than many # sparrows . $T$ 10 : 31 ESV	0
Should $T$ Be the # 1 Wide Receiver Drafted ? Yes ! ! @ WVUfootball @ WVUSports @ kwhite8	0
Luxury yoga retreat in $T$	0
Happy Birthday to $T$ ( second attempt ) .	0
All # art is a kind of confession . $T$ # amwriting	0
Got ya - OMG he almost smiled @ Phillips . Sorry $T$ fans had to squeeze this one in .	0
Campaign trail for # ILGov w $T$ and Quinn # photojournalism # twill	0
Campaign trail for # ILGov w Rauner and $T$ # photojournalism # twill	0
RT @ HistoricalPics : $T$ . New York , USA , 1943	0
RT @ HistoricalPics : Times Square . $T$ , USA , 1943	0
RT @ HistoricalPics : Times Square . New York , $T$ , 1943	0
@ hamiltonwatch I have a $T$ watch that was inscribed for my Grandmother . Where can I get it repaired ?	0
RT @ TPM : Colin Powell called the $T$ nuclear deal a pretty good deal	0
RT @ Gabriele Corno : Summer Time . . . . . . . . by $T$	0
Music interlude @ ExponentialMed # xmed with $T$	0
$T$ welcomes reconciliation with IU 10 members of 1969 @ HoosierFootball team .	0
Indiana University welcomes reconciliation with $T$ 10 members of 1969 @ HoosierFootball team .	0
Gunfire at $T$ house party leaves 1 dead .	0
RT @ TribGeoff : On its last day , $T$ ' s closes line just after 7 : 30	0
At # cocoaheads $T$ meetup in # shibsted office . Great motorized standing desks here :	0
RT @ GlobalAnimals : Mass dolphin deaths in $T$	0
RT @ Iwanrunner : 1 $T$ # scary	0
Wet feet , $T$ and Maine	0
Wet feet , Costa Rica and $T$	0
Wider view ( red speck ! ) . Shot 24 , 70 and 800mm while $T$ crossed # skyscraperlive PHOTOS :	1
Dark , reimagined pop - culture illustrations by $T$	0
Love this . Nobody Likes Me by Canadian street artist I in $T$	0
Our future $T$ plans :	0
RT @ buckeyeref : Better Fanbase : RT - $T$ FAV - Oregon	0
RT @ buckeyeref : Better Fanbase : RT - Ohio State FAV - $T$	0
Good day I am $T$	0
RT @ MichelleRose014 : Show your love and support to end homophobia in $T$ # SochiProblems # signoflove @ lushcampaigns	0
Working structure fire on $T$ now under control .	0
$T$ and grandpa riding a big monkey at the Erie zoo .	0
Josie and grandpa riding a big monkey at the $T$ zoo .	0
RT @ BrianfromABC2 : Completed # FreddieGray mural at $T$ .	0
RT @ chicagotribune : Life after fatal shooting in $T$ goes on with block party , via @ briancassella	1
RT @ tryna be famous : Your uncle and his young wife on they way to the $T$ cruise	0
Line of campers outside $T$ waiting for tickets to hear President Obama speak Thursday .	0
Line of campers outside Henninger High School waiting for tickets to hear $T$ speak Thursday .	0
. @ BEParalympics Marieke Vervoort @ Wielemie was ecstatic with a $T$ win in her comeback race following injury	0
RT @ Slate : We won ' t see a $T$ like this for 100 years . Here ' s why today is so special : # PiDay	0
$T$ , the land of the enchanting river .	0
RT @ MLBFanCave : Happy birthday to @ BaseballHall of Famer $T$ !	0
Now I really have seen everything @ debsa : $T$ made out of veg ! !	0
RT @ Kotaku : A new world record for beating $T$ with no stars :	0
@ elcinterns are serving the $T$ to help people in need get coats for winter ! # yourdivinefingerprint	0
RT @ EarthPicturz : $T$	0
@ TheWalkingDead got my $T$ shirt , walking dead pajama pants and my Daryl fleece blanket . @ wwwbigbaldhead	0
@ TheWalkingDead got my Daryl shirt , walking dead pajama pants and my $T$ fleece blanket . @ wwwbigbaldhead	0
RT @ Nicarzani : Largest crowd ever for a $T$ interview ? @ rogerfederer @ TennisEurosport @ mwilander @ Babsschett # USOpen	0
Lightning wake up in the 2nd period as $T$ hits Johnny Oduya . # Blackhawks blog :	0
Lightning wake up in the 2nd period as JT Brown hits $T$ . # Blackhawks blog :	0
Lightning wake up in the 2nd period as JT Brown hits Johnny Oduya . $T$ blog :	0
Look how in love with $T$ Gene Kelly looks . I read that their house was Party Central . # tcmparty	0
Look how in love with Betsy Blair $T$ looks . I read that their house was Party Central . # tcmparty	0
Look how in love with Betsy Blair Gene Kelly looks . I read that their house was $T$ . # tcmparty	0
RT @ OMGFacts : People in $T$ waiting for new Pope in 2005 and 2013 . What a difference 8 years made in technology .	0
BREAKING : $T$ vote delayed til 2pm . Still time to call Senate 1 - 985 - 222 - CISA or @ idltweets	1
BREAKING : # CISA vote delayed til 2pm . Still time to call $T$ 1 - 985 - 222 - CISA or @ idltweets	1
happy birthday to my beautiful mom $T$ I love you Jimin loves you have a wonderful day ! ! @ jimilk	0
happy birthday to my beautiful mom Michelle I love you $T$ loves you have a wonderful day ! ! @ jimilk	0
RT @ YepillPosts : REMEMBER $T$ BROKE THAT GIRL NECK LMAO	0
The exact spot $T$ was assassinated . # jfk	0
The exact spot JFK was assassinated . $T$	0
Night at the $T$ where Angel Di Maria and his family are living	0
Night at the Lowry Hotel where $T$ and his family are living	0
@ JodyHighRoIIer thank you $T$ hope the Pronuts bring you closer to Versace	0
@ JodyHighRoIIer thank you Jody hope the Pronuts bring you closer to $T$	0
RT @ HistoryInPics : Selling roadside flowers , $T$ , 1973	0
RT @ PhillyTechWeek : We are doing this thing at $T$ . Mobile marketing and ecommerce trends !	0
RT @ TheAtlantic : Russian opposition leader $T$ gunned down in Moscow	0
RT @ TheAtlantic : Russian opposition leader Boris Nemtsov gunned down in $T$	0
Life is what happens while you are busy planning other things $T$	0
$T$ and Luna working shit out	0
Bailey and $T$ working shit out	0
RT @ NandosUK : Hey $T$ , the second date ' s on us . ( P . S . Maybe ditch the trackies ? ) # AdNandos	0
Announcing @ VMware vCloud $T$ , powered by EMC ViPR . Beta coming soon ! # VMworld	0
Announcing @ VMware vCloud Air Object Storage , powered by $T$ ViPR . Beta coming soon ! # VMworld	0
RT @ Piter Kustura : @ lisskin17 : Free $T$ # FreeSavchenko	0
RT @ ChadPollitt : 24 minutes and the line for my $T$ session is epic already ! # INBOUND15	0
@ Cosmopolitan : $T$ is engaged despite rocky relationship past : gonna go die kbye	0
RT @ ReaganKingIsles : Thanks to @ FrozenFaceoff for pointing these out . $T$ and Sparky in # NHL16 # Isles	0
RT @ ReaganKingIsles : Thanks to @ FrozenFaceoff for pointing these out . Barclays and $T$ in # NHL16 # Isles	0
RT @ ReaganKingIsles : Thanks to @ FrozenFaceoff for pointing these out . Barclays and Sparky in $T$ # Isles	0
RT @ ReaganKingIsles : Thanks to @ FrozenFaceoff for pointing these out . Barclays and Sparky in # NHL16 $T$	0
RT @ logan bik : $T$ and his son look like the type of people who go purging .	0
RT @ naturalsociety : Watch out ! Here are the top 5 most prevalent $T$ crops	0
RT @ pitchfork : Watch @ nilerodgers busking in $T$	0
RT @ EderPonceBerry : $T$ no existen .	0
RT @ BuzzFeed : 24 ways $T$ is alive and well	0
RT @ Sup3rJunior : 150616 Official , $T$ at Baseball Game Part 2 5P	0
Meet greenhouse farmer $T$ # Kenya - an empowered women with her own # business # IWD2015	0
Meet greenhouse farmer Alice Maina $T$ - an empowered women with her own # business # IWD2015	0
RT @ Independent : This is why $T$ is spending 50b on a railway in Brazil	0
RT @ Independent : This is why China is spending 50b on a railway in $T$	0
Happy $T$ , Chicago . # legoman	0
Happy Halloween , $T$ . # legoman	0
RT @ MCFCFansCorner : Nice to see $T$ already blending in !	0
RT @ RRON : He edited $T$ ' s leaked photos	0
RT @ SammyTellem : $T$ looks so beautiful biting into my college tuition	0
RT @ Cap Institute : ALERT : $T$ Is Helping Hide These Rapists From America They Could Be Next Door # tcot	0
# coffee ( at @ ZengoCycle in $T$ , DC w @ pamelaspunch ) https : t . co Bvmq66VLMI	0
Millennium thriller now also in $T$ . Grab a copy in your kiosk ! # nordstedts @ SwedeninHR	0
RT @ RJSzczerba : Love it ! - Evolution of the $T$ , 1951 - 1990	0
RT @ USFWSRefuges : $T$ . Congrats , Melanie Arnett . Photo : Rinus Baak USFWS @ USFWSPacSWest	0
RT @ USFWSRefuges : What penguins dream of . Congrats , $T$ . Photo : Rinus Baak USFWS @ USFWSPacSWest	0
RT @ USFWSRefuges : What penguins dream of . Congrats , Melanie Arnett . Photo : $T$ Baak USFWS @ USFWSPacSWest	0
RT @ TVSecrets : $T$ then and now . I feel old .	0
RT @ Now Thats Fresh : Straight outta $T$ RT @ wonderosa : What is the name of this mixtape ?	0
RT @ RepDianeBlack : Honored to speak at the inaugural @ NRA $T$ this morning in Nashville !	0
RT @ RepDianeBlack : Honored to speak at the inaugural @ NRA Youth Leadership Conference this morning in $T$ !	0
RT @ KelenKeller38 : You can buy this newborn on $T$	0
RT @ darryl1974 : $T$ , 1938 and 2015 .	0
RT @ WORLDSTARC0MEDY : $T$ and Willow Einstein too advanced for us	0
RT @ WORLDSTARC0MEDY : Jaden Christ and $T$ too advanced for us	0
RT @ USATODAY : $T$ will host the 2016 Republican National Convention for the third time	0
RT @ USATODAY : Cleveland will host the 2016 $T$ for the third time	0
RT @ KeyAndPeele : Words of wisdom from $T$ . # PatriotsVSColts	0
RT @ Art4anyone : $T$ by Aslan malik # art # contemporaryart	0
RT @ Art4anyone : Justice League Bills by $T$ # art # contemporaryart	0
February we are at $T$	0
$T$ asking Bradley again why he now says he supplied AH but claimed he never did before	0
Rankin asking $T$ again why he now says he supplied AH but claimed he never did before	0
Rankin asking Bradley again why he now says he supplied $T$ but claimed he never did before	0
Headed home at the $T$ train station . # Sochi Photos :	0
Headed home at the Adler train station . $T$ Photos :	0
RT @ NCAA : $T$ takes the court for a game no one will soon forget . # PlayFor22	0
RT @ debra cothern : Beach glows like millions of stars at night - $T$	0
RT @ mymodernmet : Ancient Underwater City Submerged in $T$ ' s Qiandao Lake	0
RT @ mymodernmet : Ancient Underwater City Submerged in China ' s $T$	0
$T$ - the host city of 51st Europeade 2014 .	0
Kielce - the host city of 51st $T$ 2014 .	0
Final story from my $T$ trip : Water and farming in Arava desert . Cows , fish , dates , oh my !	0
Final story from my Israel trip : Water and farming in $T$ . Cows , fish , dates , oh my !	0
# GemmaBovery : instead of yet another remake , $T$ , # Luchini , # Arterton create a replay . Sheer genius .	0
# GemmaBovery : instead of yet another remake , # Fontaine , $T$ , # Arterton create a replay . Sheer genius .	0
# GemmaBovery : instead of yet another remake , # Fontaine , # Luchini , $T$ create a replay . Sheer genius .	0
$T$ stil misjudges my music taste sometimes . Is there anyone who likes both Luke Vibert AND Britney Spears ?	0
NOW : Chopper over the $T$ near I - 17 amp Thomas . Reports of multiple people injured in a shooting .	1
NOW : Chopper over the La Quinta Inn near $T$ amp Thomas . Reports of multiple people injured in a shooting .	1
NOW : Chopper over the La Quinta Inn near I - 17 amp $T$ . Reports of multiple people injured in a shooting .	1
RT @ MaggieCoughlan : $T$ has a flip phone .	0
RT @ Planet EXO : Preview 150619 $T$ to BKK - Sehun ( cr IB )	0
RT @ Planet EXO : Preview 150619 ICN to BKK - $T$ ( cr IB )	0
Should have gone with my gut against $T$ # MarchMadness	0
RT @ JordanStrack : $T$ presented the check for winning the 2015 Marathon Classic .	0
RT @ JordanStrack : Chella Choi presented the check for winning the 2015 $T$ .	0
RT @ PatrickMcGee : $T$ , quite the outlier for baby names .	0
Radio 4 newsreader $T$ looks nothing like how he sounds	0
RT @ emmalbowkett : $T$ start to finish in 2 . 5 days . A new record . Cover by Helmut Newton . @ aisha zia	0
Good days work done in $T$ . . . All set for my 8am start tomorrow @ Challenge Tour	0
RT @ The New Age : $T$ was meant to be released on Sunday	0
$T$ confirme sa candidature pour 2016 par @ ivancouronne # AFP	0
Hillary Clinton confirme sa candidature pour 2016 par @ ivancouronne $T$	0
RT @ juliussharpe : Hi , I spent 3 , 000 so I could look like a dweeb when I went to $T$	0
10 homes for sale that have us dreaming of the $T$ @ amNewYork	0
RT @ DavidHallberg : $T$ interviewing Vasiliev on Saprtacus	0
RT @ DavidHallberg : Novikova interviewing $T$ on Saprtacus	0
RT @ DavidHallberg : Novikova interviewing Vasiliev on $T$	0
RT @ Edina212 : This man is going to $T$ because of his clean social media use # EPSthink	0
Talking # podcasting w @ ErikaPryor at the $T$ on 1 28 @ 7 : 30am . You in ?	0
RT @ thehill : $T$ win turns up heat on GOP presidential field :	0
RT @ thehill : ObamaCare win turns up heat on $T$ presidential field :	0
RT @ buffalobills : $T$ says a QB competition is coming . WATCH :	0
RT @ TEA5E : $T$ is bad af	0
Practice for the $T$ play . # Easter # Hunter # family # preschool # school # play	0
Practice for the Easter play . $T$ # Hunter # family # preschool # school # play	0
RT @ CauseWereGuys : $T$ throwing a 70 yard bomb straight to the hands	1
$T$ tonight . Hope we see some	0
RT @ OccupiedTaksim : Photo from $T$ , # Taksim , right now . # kobane	0
RT @ OccupiedTaksim : Photo from # Galatasaray square , $T$ , right now . # kobane	0
RT @ OccupiedTaksim : Photo from # Galatasaray square , # Taksim , right now . $T$	0
Icy waves at $T$ in today ' s blizzard . Snow photos :	0
The starting point of all achievement is desire . - $T$ . . .	0
RT @ SavageHumor : The 10 Commandments of the $T$	0
RT @ estNATO : $T$ To Send # B - 52s To # Sweden for EX # BALTOPS	0
RT @ estNATO : # US To Send # B - 52s To $T$ for EX # BALTOPS	0
RT @ Forbes : PHOTOS : Where to stay in $T$ :	0
$T$ OJ Mayo and # Bulls Jimmy Butler face off in the first half	0
# Bucks $T$ and # Bulls Jimmy Butler face off in the first half	0
# Bucks OJ Mayo and $T$ Jimmy Butler face off in the first half	0
# Bucks OJ Mayo and # Bulls $T$ face off in the first half	0
RT @ WSJ : The stock - market rout in $T$ is getting deeper as China worries persist	0
RT @ WSJ : The stock - market rout in Asia is getting deeper as $T$ worries persist	0
Hehee RT @ masaku : Some planes have been diverted to $T$	0
RT @ WSJ : As # Sochi2014 gets underway , $T$ rolls out a pro - gay rights doodle .	0
RT @ victoiregarnier : $T$ had a great 8th Birthday Party @ hotelfootballuk Having @ GNev2 join in the fun made his day !	0
RT @ FoodTabloid : $T$	0
RT @ xTabbyKatt : $T$ and Jared - Up in the Air photoshoot :	1
RT @ xTabbyKatt : Shannon and $T$ - Up in the Air photoshoot :	1
One of my favorite $T$ songs # greatbeat	0
RT @ allkpop : $T$ explains why he has no photos of himself in his home	0
RT @ D Mitch : $T$ ( L ) class air - defence frigates of Chilean Navy # ArmadadeChile ( infographic )	0
RT @ D Mitch : Jacob van Heemskerck ( L ) class air - defence frigates of $T$ # ArmadadeChile ( infographic )	0
RT @ selenagomez : Performing $T$ on this years 4th of July special on @ NBC at 8pm EST # nbcjuly4	0
RT @ selenagomez : Performing Slowdown on this years 4th of July special on @ NBC at 8pm $T$ # nbcjuly4	0
Imagine if 75 of $T$ villages had been flattened in past 5 years : that is the # CostofInaction @ WagingPeaceUK	0
RT @ DillFarms : First combine spotting in $T$ . # Corn was 17 . 5 . It has begun .	0
Governor in $T$ for NCBankers Association gathering .	0
Governor in GSO for $T$ gathering .	0
$T$ and beer .	0
I seem to remember $T$ flopping at the end of game which killed the # Rockets comeback . . .	1
I seem to remember Draymond Green flopping at the end of game which killed the $T$ comeback . . .	1
RT @ iBiebTeam : When Pattie listens to $T$	0
A very young and handsome $T$ . # tcmparty	0
$T$ weekend planned at Ski Ben Eoin , are you going ? Please share this will all your friends . # MeltdownOnTheMountain	0
Epic weekend planned at $T$ , are you going ? Please share this will all your friends . # MeltdownOnTheMountain	0
Levi ' s Stadium staff is well - dressed to host the $T$	0
RT @ TheEconomist : How $T$ voted , state by state	0
RT @ EconBizFin : Why has a $T$ executive just been sent to prison ?	0
RT @ Bballforeverfb : $T$ squad	0
Anthro of precious minerals workshop today at the $T$ . Crystal addition seems so fitting	0
RT @ NLNavyNews : # OTD 1628 $T$ seized the Spanish Silver Fleet . An amount of silver to the value of 7 . 8 million was taken	0
RT @ NLNavyNews : # OTD 1628 Piet Heyn seized the $T$ . An amount of silver to the value of 7 . 8 million was taken	0
rough night but Eli is OK ! Cruddy sounding amp up throughout night doing $T$ puffs , but playing with Dinos now	0
$T$ pledges its support to the President for the upcoming presidential election . # SriLanka	0
Great teamwork ! gt gt RT @ SPECTrust @ SaferSurgery @ MercyShips working with $T$ to improve patient care .	0
RT @ Ecouterre : Here it is : H amp M ' s 2015 Conscious Exclusive line of eco - partywear , starring $T$	0
RT @ DJJazzyJody : $T$ gets the news about his suspension being overruled .	0
RT @ BuzzFeed : What The World Was Like The Last Time $T$ Ran For President	0
RT @ IndyUSA : $T$ grand jury proceedings to remain a secret , New York Supreme Court justice rules	0
RT @ IndyUSA : Eric Garner grand jury proceedings to remain a secret , $T$ justice rules	0
RT @ ltsChuckBass : I am $T$	0
$T$ is at Green Planet Grocery in Fairmount tonight to talk CSA .	0
Early Morning Farm is at $T$ in Fairmount tonight to talk CSA .	0
Early Morning Farm is at Green Planet Grocery in $T$ tonight to talk CSA .	0
Early Morning Farm is at Green Planet Grocery in Fairmount tonight to talk $T$ .	0
RT @ Grapeapplesauce : $T$ using non Apple technology	0
RT @ Grapeapplesauce : Graser using non $T$ technology	0
Massive crowd in $T$ , # Kurunegala District , awaiting the arrival of President Rajapaksa . # SriLanka	0
Massive crowd in Hapahuwa , # Kurunegala District , awaiting the arrival of $T$ . # SriLanka	0
RT @ TheSpursZone : $T$ on Timmy , 2014 . @ aldridge 12	0
RT @ TheSpursZone : Aldridge on $T$ , 2014 . @ aldridge 12	0
RT @ MikaelForssell : @ Joey7Barton $T$ is too cool for school !	0
Got this huge Orchid at $T$ for Jill . # orchid # Aldi	0
Got this huge Orchid at Aldi for $T$ . # orchid # Aldi	0
Got this huge Orchid at Aldi for Jill . # orchid $T$	0
RT @ bidorbuyKenya : We can not solve our problems with the same level of thinking that created them $T$ # KideroGrass	0
@ kenchoy : Will be passing these $T$ swag out at G898 2015 . Stay tuned for details # WidePitch	0
RT @ abqbiopark : Welcome our new # Jaguar ! The $T$ # BioParkZoo welcomes our newest family , Maya ! # zoo	0
RT @ abqbiopark : Welcome our new # Jaguar ! The # ABQ # BioParkZoo welcomes our newest family , $T$ ! # zoo	0
@ FunkyDineva you scared me for a minute when I thought you meant this $T$ .	0
RT @ verge : How Marvel will save us from more terrible $T$ movies	0
RT @ edutopia : In remembrance of $T$ F . Kennedy . What are your hopes and dreams for education ?	0
$T$ . # chapelhill # unc2015	0
$T$ presentation complete . Now , community members like Wayne Moss are speaking in favor of clean energy , not coal .	0
IPL presentation complete . Now , community members like $T$ are speaking in favor of clean energy , not coal .	0
RT @ ebzworldpeace : Looking good on $T$ right now @ BeatzMag @ YazBeatz well done on the new issue .	0
RT @ CuteEmergency : But first , $T$ take a selfie	0
Pro tip : make a point lt gt make things clearer MT @ KarlreMarks : diagram of geopolitical relationships in the $T$	0
RT @ LaurasMiscMovie : $T$ ! # TCMFF	0
RT @ mattdpearce : Absolutely scathing $T$ editorial on Eric Garner and the NYPD .	0
RT @ mattdpearce : Absolutely scathing New York Times editorial on $T$ and the NYPD .	0
RT @ mattdpearce : Absolutely scathing New York Times editorial on Eric Garner and the $T$ .	0
RT @ HorrificPics : Photo taken outside a convenience store in $T$ last night	0
RT @ volkskrant : Dode en gewonden bij brand olieplatform $T$	0
This is how we improvise at $T$ . # iLeap15	0
RT @ MUFC Malaysia : $T$ and his son having the same hair cut # UCLfinal	0
RT @ Baconator : $T$ ALLOWS YOU TO CUSTOMIZE YOUR OWN BURGER OMG	0
RT @ LearnSomethlng : This is what the sunset looked like over $T$ on August 7th .	0
RT @ NYMag : The boy who ran : The life and death of $T$	0
RT @ juventusfcen : Got a welcome message for $T$ winner Khedira ? Send them to us using # WelcomeKhedira !	0
RT @ juventusfcen : Got a welcome message for World Cup winner $T$ ? Send them to us using # WelcomeKhedira !	0
Another stunning year in photos from @ petesouza and the $T$ photo team	0
Baby $T$ is awake ! ! !	0
RT @ jtcorrigan : More action outside than inside at $T$ right now .	0
At $T$ , where several hundreds rally for release of Lolita , an orca at the Miami Seaquarium .	0
At Virginia Key Beach Park , where several hundreds rally for release of $T$ , an orca at the Miami Seaquarium .	0
At Virginia Key Beach Park , where several hundreds rally for release of Lolita , an orca at the $T$ .	0
RT @ PzFeed : EPIC VIDEO : Subway long jump in $T$ goes terribly wrong . WATCH :	0
RT @ luxury travel : Dining at the top 3 restaurants in $T$ by private jet	0
RT @ TJamesNDI : New ' 16 $T$ OL commit Tommy Kraemer ( right ) sings the alma mater following an Irish victory . # NDInsider	0
RT @ TJamesNDI : New ' 16 # NotreDame OL commit $T$ ( right ) sings the alma mater following an Irish victory . # NDInsider	0
RT @ raichanxd : 1200 people gathered in $T$ to pray for the passengers of Sewol accident # PrayForSouthKorea	0
RT @ raichanxd : 1200 people gathered in Ansan to pray for the passengers of $T$ # PrayForSouthKorea	0
$T$ Regenboog # Rainbow . . . . Verschil ? # dtv # Olympics2014 # IOC	0
$T$ by Mikito Ozeki VIDEO gt	0
Paper Cutting Art by $T$ VIDEO gt	0
RT @ TheNatsBlogJoe : Seriously , how do you not like $T$ ? # Nats	0
RT @ ESPNCFB : 46 Days to Kickoff : $T$ had 46 plays that gained 30 yds , 2nd most in FBS . # CountdownToKickoff	0
RT @ ESPNCFB : 46 Days to Kickoff : Ohio State had 46 plays that gained 30 yds , 2nd most in $T$ . # CountdownToKickoff	0
RT @ BrilliantPosts : Natural Swimming Pool in $T$ , Greece	0
RT @ BrilliantPosts : Natural Swimming Pool in Thassos , $T$	0
RT @ SonAutosClasico : $T$	0
RT @ AaronMackayy : $T$ appreciation tweet	0
RT @ TweetingForBros : $T$ be on Madden like	0
The artist must train not only his eye but also his soul . $T$ # amwriting	0
RT @ FastCoDesign : $T$ ' s photographer spent 20 years shooting the architect at home and at work : http :	1
Where is $T$ ? RT @ photochowder : President Barack Obama waves after arriving at Phoenix Sky Harbor Airport . # POTUS	0
Where is Jan ? RT @ photochowder : $T$ waves after arriving at Phoenix Sky Harbor Airport . # POTUS	0
Where is Jan ? RT @ photochowder : President Barack Obama waves after arriving at $T$ . # POTUS	0
$T$ says , You left subtropical Russia for this ?	0
Lake Michigan says , You left subtropical $T$ for this ?	0
RT @ ICTAngel : What at amazing , beautiful speaker @ TEDxPerth $T$ # TEDxPerth	0
RT @ JasonBourne1986 : The statement from Lord $T$ , Chair of @ KickItOut . # LCFC	0
RT @ JasonBourne1986 : The statement from Lord Herman Ouseley , Chair of @ KickItOut . $T$	0
RT @ Cubs : $T$ win ! Final : Cubs 2 , # Dodgers 0 ( plus a Jake Arrieta no - hitter ) . # LetsGo	0
RT @ Cubs : # Cubs win ! Final : Cubs 2 , $T$ 0 ( plus a Jake Arrieta no - hitter ) . # LetsGo	0
RT @ Cubs : # Cubs win ! Final : Cubs 2 , # Dodgers 0 ( plus a $T$ no - hitter ) . # LetsGo	0
$T$ bought me this . My friends are always supportive with my goals ! ! !	0
Back on the commons for $T$ and Matt ' s wedding @ ScrantonAlumni # scranton	0
Back on the commons for Col and $T$ ' s wedding @ ScrantonAlumni # scranton	0
RT @ StevenErtelt : Why I Will Never Drink Another $T$ Coffee Again : It Funds Planned Parenthood # DefundPP http :	0
RT @ WSJ : $T$ is leaning toward a 2016 run	0
RT @ camdiary : Sunset in $T$ , 16 Apr 2015 .	0
RT @ WeLoveRobDyrdek : $T$ Rowdy Rebel doing community service	0
RT @ WeLoveRobDyrdek : Bobby Shmurda $T$ doing community service	0
RT @ iheartgeo : All I want for $T$ is TANTON MATHEMATICS ! @ jamestanton	0
RT @ iheartgeo : All I want for Christmas is $T$ ! @ jamestanton	0
$T$ patch junior winner . Looking pretty chuffed . Job well done !	0
A map of $T$ over in what was Mayor Dizengoff ' s office in 1935	0
A map of Tel Aviv over in what was $T$ ' s office in 1935	0
RT @ DannyEcker : Breaking : Blackhawks and city have deal to build new practice facility on site of $T$ .	1
He shoots , he scores ! $T$ with a penalty to make it 3 - 1 to @ Socceroos # AUSvKUW	1
RT @ nytimesphoto : A Japanese photographer spent 40 years documenting $T$	0
$T$ is broken . # mcmillswedding	0
RT @ TSBible : $T$ could nutmeg a Mermaid .	0
RT @ TSBible : Lionel Messi could nutmeg a $T$ .	0
RT @ 1RealJoeyB : Performing live tonight at $T$ , Graben 27 Linz . Austria x	0
RT @ 1RealJoeyB : Performing live tonight at Kijani , $T$ 27 Linz . Austria x	0
RT @ 1RealJoeyB : Performing live tonight at Kijani , Graben 27 Linz . $T$ x	0
3 . 3 - million - year - old stone tools found in $T$ predate any known humans . via @ livescience	0
A resident of the $T$ says she heard an explosion and then people came banging on doors .	1
The original inspiration for $T$ # Beatles	0
The original inspiration for Strawberry Field $T$	0
@ wandasperez5 amp @ CarrieLupoli CRUSHING the # Instructional presentation at $T$ retreat . # Growth # Mindsets # Vision	0
$T$ is back and taking your calls ! ! Let him know how the done has helped you : 470 - 729 - DONE # powerofthedone	0
RT @ telesurenglish : $T$ General Assembly Votes For End to US Blockade on # Cuba	0
RT @ telesurenglish : UN General Assembly Votes For End to $T$ Blockade on # Cuba	0
RT @ telesurenglish : UN General Assembly Votes For End to US Blockade on $T$	0
$T$ defends the net on his way to a 2 - 1 win . On to Game 6 and the chance to win the Stanley Cup in Chicago	0
Corey Crawford defends the net on his way to a 2 - 1 win . On to Game 6 and the chance to win the $T$ in Chicago	0
Corey Crawford defends the net on his way to a 2 - 1 win . On to Game 6 and the chance to win the Stanley Cup in $T$	0
RT @ ChrisJOrtiz : $T$ is scrubbing the very existence of Jared .	0
RT @ ChrisJOrtiz : Subway is scrubbing the very existence of $T$ .	0
RT @ astroehlein : You are safe - The City of $T$ # RefugeesWelcome	0
Kids having a wet time at $T$ .	0
Lock and Loaded boys ! ! ! Staff $T$ reporting for duty . # ExtinctionEventMovie # Blessed # OnSetLastMonth	0
$T$ Teuvo Teravainen lost in the ice spray . They trail the Stars 3 - 2 after one period	0
# Blackhawks $T$ lost in the ice spray . They trail the Stars 3 - 2 after one period	0
# Blackhawks Teuvo Teravainen lost in the ice spray . They trail the $T$ 3 - 2 after one period	0
My hometown mayors ! RT @ marty walsh : With my colleagues $T$ Mayor Sullivan amp Newton Mayor Warren .	0
My hometown mayors ! RT @ marty walsh : With my colleagues Braintree $T$ amp Newton Mayor Warren .	0
My hometown mayors ! RT @ marty walsh : With my colleagues Braintree Mayor Sullivan amp $T$ Mayor Warren .	0
My hometown mayors ! RT @ marty walsh : With my colleagues Braintree Mayor Sullivan amp Newton $T$ .	0
$T$ , Grecia . RT @ NaturPictures # luxury # Santorini # Greece # islands	0
Santorini , $T$ . RT @ NaturPictures # luxury # Santorini # Greece # islands	0
Santorini , Grecia . RT @ NaturPictures # luxury $T$ # Greece # islands	0
Santorini , Grecia . RT @ NaturPictures # luxury # Santorini $T$ # islands	0
RT @ hdwallpaperhub : Good Morning Friends . . . . Here is 75 Years Of $T$	0
RT @ IslandCampus : Good luck on those final exams , $T$ ! Don ' t forget to touch your foot to Dr . Hector P ' s statue for extra luck ! http :	0
@ JihadistJoe the living room of peaceful innocent youth groups in $T$ , aka pro democracy rebels	0
@ JihadistJoe the living room of peaceful innocent youth groups in Syria , aka pro $T$	0
RT @ RembranceOfPast : $T$ ' s ' I Have A Dream ' speech , Lincoln Memorial , Washington DC , 1963	0
RT @ RembranceOfPast : Martin Luther King ' s ' $T$ ' speech , Lincoln Memorial , Washington DC , 1963	0
RT @ RembranceOfPast : Martin Luther King ' s ' I Have A Dream ' speech , $T$ , Washington DC , 1963	0
RT @ RembranceOfPast : Martin Luther King ' s ' I Have A Dream ' speech , Lincoln Memorial , $T$ , 1963	0
Productive Sunday - $T$ certification : )	0
# RedSox mgr . $T$ about being on the hot seat :	0
Free Things To Do in $T$ - # MalaysiaTrulyAsia # MyFest2015 # Penang # Malaysia # ttot	0
Free Things To Do in Penang - # MalaysiaTrulyAsia # MyFest2015 $T$ # Malaysia # ttot	0
Free Things To Do in Penang - # MalaysiaTrulyAsia # MyFest2015 # Penang $T$ # ttot	0
Travel Expenses $T$ via @ turtlestravel # travel # ttot # photography	0
Turns out $T$ was pretty icky in Wellington .	0
Turns out Pretty Ricky was $T$ icky in Wellington .	0
Turns out Pretty Ricky was pretty icky in $T$ .	0
RT @ CraveMyThoughts : Where do I buy a $T$	0
RT @ SoSoGay : $T$ will interview no matter how much you protest	0
Delightful $T$ lights on Motcomb Street in Belgravia .	0
Delightful Christmas lights on $T$ in Belgravia .	0
Delightful Christmas lights on Motcomb Street in $T$ .	0
RT @ ThomasSadoski : RIP $T$ .	0
RT @ Deadspin : Last night $T$ brutally knocked out Bethe Correia in just 34 seconds :	0
RT @ Deadspin : Last night Ronda Rousey brutally knocked out $T$ in just 34 seconds :	0
RT @ jenbo1 : $T$ presents the annual Charles Bronfman Prize to Sam Goldman , founder of @ dlightdesign .	0
RT @ jenbo1 : Charles Bronfman presents the annual $T$ to Sam Goldman , founder of @ dlightdesign .	0
RT @ jenbo1 : Charles Bronfman presents the annual Charles Bronfman Prize to $T$ , founder of @ dlightdesign .	0
RT @ RanealTheFakest : When you named your daughter $T$	1
RT @ UNC Basketball : Sad news to report : former $T$ head coach Dean Smith passed away on Saturday night at age 83 . ht	0
RT @ UNC Basketball : Sad news to report : former UNC head coach $T$ passed away on Saturday night at age 83 . ht	0
XtremIO for $T$ agility :	0
$T$ is now running on solar energy ! # sustainability	0
Aftermath of explosion in $T$ 78757	1
RT @ kristiekbauer : $T$ from @ hennepin talking about how they have had a 408 increase in subscriptions ! # govd12 @ GovDelivery http . . .	0
North49 family continues to grow ! Welcome $T$ and Thanh Lai , our bright new software engineers .	0
North49 family continues to grow ! Welcome Mike Anderson and $T$ , our bright new software engineers .	0
RT @ ArizonaDOT : Wet and windy on L - 101 $T$ at 75th Ave . Drive safely , folks !	0
RT @ ArizonaDOT : Wet and windy on L - 101 Agua Fria at $T$ . Drive safely , folks !	0
RT @ HKesvani : Some refugees including $T$ are bringing their children with them . Hungary cannot help he says	0
RT @ HKesvani : Some refugees including Muhammad are bringing their children with them . $T$ cannot help he says	0
RT @ CommonBlackGirI : $T$ was bad idgaf	0
That ' ll work . $T$ delivers a grand slam in the fifth . # Cubs photos :	0
RT @ tweedledeecamz : $T$ liked this on tumblr . . . : )	0
Another fan of @ JSS98Rock ! Say hi to $T$ !	0
$T$ via @ olielo travels	0
Omg so hot . $T$ is coming to provide me ac while we wait for aaa . # fuckasshot # fb	1
Omg so hot . Nick is coming to provide me ac while we wait for aaa . # fuckasshot $T$	1
RT @ LibertyLynx : $T$ to close 200 shops in Russia March 05 - CNNMoney Oh no !	0
RT @ LibertyLynx : Adidas to close 200 shops in $T$ March 05 - CNNMoney Oh no !	0
RT @ LibertyLynx : Adidas to close 200 shops in Russia March 05 - $T$ Oh no !	0
$T$ ! USA ! Fans in Chicago watch the # USWNT win the World Cup . # SheBelieves	0
USA ! $T$ ! Fans in Chicago watch the # USWNT win the World Cup . # SheBelieves	0
USA ! USA ! Fans in $T$ watch the # USWNT win the World Cup . # SheBelieves	0
USA ! USA ! Fans in Chicago watch $T$ # USWNT win the World Cup . # SheBelieves	0
USA ! USA ! Fans in Chicago watch the # USWNT win $T$ . # SheBelieves	0
RT @ mbindwane : Meanwhile in $T$ . . . .	0
RT @ The90sLife : $T$ was ruthless	0
RT @ Colts : Hear what $T$ had to say about this catch . # INDvsTEN WATCH :	0
RT @ ElaineAlexie : RIP $T$ . Always in my heart . # MMIW	0
Hola , $T$ !	0
RT @ MaralaScott : Take a look at this great article ! $T$ : Inspiring Thousands https : t . co KPQp6Fgw0M	0
RT @ CoryBooker : Fear of something is at the root of hate for others . . . - $T$	0
8 alarm firer still burning in $T$ .	0
RT @ ptbo com : $T$ township publishes their February newsletter @ SelwynTownship	0
@ CoachHuggs Great 2nd rnd win ! ! Good to see your dad in audience . I lived near $T$ , OH # HailWV # MarchMadness	0
RT @ artoftheserpent : $T$ , Sunday Afternoons Feelings .	0
Good Morning $T$ . Shall We Begin ? Lets do it . Come on , Toby . You can do it . Break time . Pleasant Day , Twitter !	0
Good Morning Twitter . Shall We Begin ? Lets do it . Come on , $T$ . You can do it . Break time . Pleasant Day , Twitter !	0
Good Morning Twitter . Shall We Begin ? Lets do it . Come on , Toby . You can do it . Break time . Pleasant Day , $T$ !	0
Tomorrow on # South2North @ RediTlhabi is joined by $T$ , Mary Robinson amp JImmy Carter from @ TheElders	0
Tomorrow on # South2North @ RediTlhabi is joined by Martti Ahtisaari , $T$ amp JImmy Carter from @ TheElders	0
Tomorrow on # South2North @ RediTlhabi is joined by Martti Ahtisaari , Mary Robinson amp $T$ from @ TheElders	0
Product photography by $T$	0
RT @ BarackObama : Three guys hanging out backstage in $T$ :	0
Thanks to $T$ for this : - )	0
RT @ WSJ : If you invest in property in the $T$ , you get citizenship	0
RT @ burtonsnowboard : $T$ is proud to unveil the 2014 Olympic US Snowboard Team Uniform . # BurtonUSA	0
RT @ burtonsnowboard : Burton is proud to unveil the 2014 $T$ US Snowboard Team Uniform . # BurtonUSA	0
RT @ burtonsnowboard : Burton is proud to unveil the 2014 Olympic $T$ Uniform . # BurtonUSA	0
$T$ looked SO good today pass the blessings around	0
RT @ CSIS : Questions of sovereignty in post - World War II maritime $T$ :	0
RT @ JeffersonObama : Good Morning $T$ was fabulous but Robin Williams in Awakenings was his greatest performance	0
RT @ JeffersonObama : Good Morning Vietnam was fabulous but $T$ in Awakenings was his greatest performance	0
RT @ JeffersonObama : Good Morning Vietnam was fabulous but Robin Williams in $T$ was his greatest performance	0
$T$ lol Actually , true . Heard it 2nd hand from Khattak border guard who worked in Najran https : t . co aPrStTyn0G	0
# Yemen lol Actually , true . Heard it 2nd hand from $T$ border guard who worked in Najran https : t . co aPrStTyn0G	0
# Yemen lol Actually , true . Heard it 2nd hand from Khattak border guard who worked in $T$ https : t . co aPrStTyn0G	0
Why $T$ Was the Greatest Geek who Ever Lived	0
RT @ airlivenet : VIDEO Worlds Biggest Miniature Airport ( $T$ ) , just amazing !	0
RT @ slatest : As backlash builds , $T$ cites Obama ' s white relatives as evidence of non - racism :	0
RT @ slatest : As backlash builds , Giuliani cites $T$ ' s white relatives as evidence of non - racism :	0
RT @ VanObserver : $T$ and Bob Geldof put band aid solutions over a deadly hemorrhage	0
RT @ VanObserver : G20 and $T$ put band aid solutions over a deadly hemorrhage	0
RT @ TheRoot : $T$ residents honor # CivilRights icon in a major way :	0
ICYMI : $T$ ( @ JarPad ) Finds Support In Hall H At # SDCC ( STORY ) # AlwaysKeepFighting	0
ICYMI : Jared Padalecki ( @ JarPad ) Finds Support In $T$ At # SDCC ( STORY ) # AlwaysKeepFighting	0
ICYMI : Jared Padalecki ( @ JarPad ) Finds Support In Hall H At $T$ ( STORY ) # AlwaysKeepFighting	0
RT @ Independent : How $T$ became a pop - culture phenomenon	0
Summer cocktails are now available at the $T$ . via @ torontodotcom	0
RT @ ESPNNBA : $T$ ( 24 pts ) and the @ ATLHawks are all smiles as they beat the @ bobcats , 103 - 94 .	0
RT @ JustAGirIThing : How can anyone hate $T$	0
@ alankellylabour talking nonsense on pat $T$ this morning . Not affable , not articulate and no sign of intelligence .	0
RT @ Sergio Bucks : $T$ de vacaciones con Mike Miller de butaca :	0
RT @ Sergio Bucks : Kendrick Perkins de vacaciones con $T$ de butaca :	0
RT @ Domyenn : $T$	0
If you don ' t get caught it ' s not cheating - $T$	0
Somebody had a great time in $T$ . Adios ! # CDMX # dosdosquince	0
RT @ RAIDERS : @ nfl Obviously @ DPENN70 $T$	0
RT @ FlLMOGRAPHY : $T$ ( 2004 )	0
Congratulations to $T$ for going undefeated ! Looking forward to a wonderful season ! @ Deejaee2	0
RT @ nbafinestnews : Best Small Foward Final Four RT for $T$ FAV for Anthony Davis	0
RT @ nbafinestnews : Best Small Foward Final Four RT for Paul George FAV for $T$	0
RT @ ltsChuckBass : Nobody does $T$ dinner like The Upper East Side	0
RT @ ltsChuckBass : Nobody does Thanksgiving dinner like The $T$	0
RT @ NYMag : Retailers promise to stop selling realistic toy guns in $T$ :	0
RT @ 9GAG : $T$ VS American English	0
RT @ 9GAG : British English VS $T$	0
RT @ ladygaga : me and $T$ . He is a genius . # artRaveFASHION	0
St . John Paul II amp Religious Liberty # Fortnight4Freedom $T$ # FortnightForFreedom	0
At $T$ airport deserve a treat on my way home	0
RT @ StanCollymore : Just saved myself 90 sheets . $T$ on England ! !	0
RT @ StanCollymore : Just saved myself 90 sheets . Cone on $T$ ! !	0
RT @ tracey holloway : $T$ on the move at Georgia Tech ! @ NASA AQAST	0
RT @ tracey holloway : AQAST on the move at $T$ ! @ NASA AQAST	0
RT @ tracey holloway : AQAST on the move at Georgia Tech ! @ NASA $T$	0
RT @ NBCBlacklist : Good things come to those who wait . # TheBlacklist Season 3 premieres Thursday , Oct . 1 on $T$ .	0
More police sent towards $T$ and Sai Yeung Choi street . # OccupyHK	0
More police sent towards Soy and $T$ street . # OccupyHK	0
Eco Meets Luxury In 12 . 5M $T$	0
Rt for team $T$ Fav for team Bosch	0
Rt for team Freese Fav for team $T$	0
Thanks $T$ ! # highfive	0
$T$ trains ripping off O ' Hare ' s neon tunnel	0
RT @ lescout74 : $T$ , Canal Grande 1898 Museo Illinois , U . S . A m . Prendergast	0
RT @ lescout74 : Venezia , $T$ 1898 Museo Illinois , U . S . A m . Prendergast	0
RT @ lescout74 : Venezia , Canal Grande 1898 $T$ , U . S . A m . Prendergast	0
RT @ lescout74 : Venezia , Canal Grande 1898 Museo Illinois , U . S . A m . $T$	0
RT @ irauhlcarlyrae : $T$ tweeted # mybeliebers so Beliebers trended # ourjustin	0
RT @ Independent : $T$ actually did a good interview earlier # leadersdebate	0
Randy from $T$ knows how to wear a good sock . Hide it under your boot for extra warmth . # tweetusyoursocks	0
We are excited to offer Cert in $T$ ( # MSKUS ) with Dr . Randy Moore Available Online or Hybrid	0
$T$ - The Very Best of Pete Townshend - Out on the 30th of June 2015	0
Truancy - The Very Best of Pete Townshend - Out on $T$ 30th of June 2015	0
Wow ! Nice one $T$ # wtf # fail	0
RT @ STARSambulance : Congratulations to pilot $T$ . who just reached the 500 - mission mark .	0
$T$ hosting vigil in honor of three students killed who were from their sister campus .	1
RT @ AndreaRussett : $T$ . . . . I need explanations	0
RT @ ACPressMangum : @ MissAmericaOrg at @ goldennuggetac loving $T$ video # missamerica	0
RT @ ebubekiryaman : $T$ - Japan	0
RT @ ebubekiryaman : Kyoto - $T$	0
RT @ BeatleDom : Love how $T$ is photo bombing in this shot . # RingoStarr # PaulMcCartney # RockHall2015	1
RT @ Pac12Networks : # TBT , # NBAFinals style From $T$ to Oakland , Steve Kerr is making it happen .	0
RT @ Pac12Networks : # TBT , # NBAFinals style From Tucson to Oakland , $T$ is making it happen .	0
RT @ 1DWorldUpdate : $T$ and Josh at the hotel pool in Madrid ( 11 July ) # 9 - 12	0
RT @ 1DWorldUpdate : Liam and $T$ at the hotel pool in Madrid ( 11 July ) # 9 - 12	0
RT @ 1DWorldUpdate : Liam and Josh at the hotel pool in $T$ ( 11 July ) # 9 - 12	0
RT @ ntvkenya : Stay put , $T$ tells Cord leaders named in # ListOfShame	0
RT @ ntvkenya : Stay put , Raila tells $T$ leaders named in # ListOfShame	0
RT @ TheOnion : $T$ Deploys Congressional Rover To Search For Funding	0
RT @ PMenardEmpire : Very proud to be racing for $T$ this weekend # NASCARsalutes	0
RT @ ComplexMag : 6 years ago , $T$ called Serena Williams a fat underachiever :	0
RT @ ComplexMag : 6 years ago , Jason Whitlock called $T$ a fat underachiever :	0
Our next show ! We are raising money for 4 year old $T$ Stem Cell therapy ! Join us in Riverside , CA ! Sat May 16 .	0
Our next show ! We are raising money for 4 year old Slaters $T$ therapy ! Join us in Riverside , CA ! Sat May 16 .	0
Our next show ! We are raising money for 4 year old Slaters Stem Cell therapy ! Join us in $T$ , CA ! Sat May 16 .	0
Our next show ! We are raising money for 4 year old Slaters Stem Cell therapy ! Join us in Riverside , $T$ ! Sat May 16 .	0
RT @ BestWorldPix : Sunset at $T$ , Norway .	0
RT @ BestWorldPix : Sunset at Solsviksundet , $T$ .	0
RT @ CommonBlackGirI : This why $T$ the MVP .	0
So @ LouisaGallie is amazing . Her $T$ gift just arrived , signed by @ neilhimself Thank you , Lou !	0
So @ LouisaGallie is amazing . Her Xmas gift just arrived , signed by @ neilhimself Thank you , $T$ !	0
RT @ vicecanada : Watch Host $T$ Debrief Our New HBO Episode About Police Militarization :	0
RT @ vicecanada : Watch Host Thomas Morton Debrief Our New $T$ Episode About Police Militarization :	0
RT @ openculture : The Library Card Signed by 13 - Year - Old $T$ . The King would have turned 80 today .	0
Remember everyone , vote $T$ they know how to spend money well ! # Election	0
RT @ Slate : $T$ , Texas , Is Blowing Away Every Other Big City in Population Growth	0
RT @ Slate : Austin , $T$ , Is Blowing Away Every Other Big City in Population Growth	0
RT @ TheICCT : Why the $T$ Should Lead in Reducing Aviation Emissions .	0
I believe that the power of literature is stronger than the power of tyranny . $T$ # amwriting # writing	0
Labels may change - But my son will always be $T$ - Thank you , Jack Gallagher making me laugh , cry amp think # ISTE2015	0
Labels may change - But my son will always be Liam - Thank you , $T$ making me laugh , cry amp think # ISTE2015	0
RT $T$ : MOST POLES AT # CHINESEGP 4 - @ LewisHamilton 3 - Sebastian Vettel 2 - @ alo oficial # F1FastFact	0
RT @ F1 : MOST POLES AT $T$ 4 - @ LewisHamilton 3 - Sebastian Vettel 2 - @ alo oficial # F1FastFact	0
RT @ F1 : MOST POLES AT # CHINESEGP 4 - @ LewisHamilton 3 - $T$ 2 - @ alo oficial # F1FastFact	0
RT @ DLin71 : $T$ has added American to its supported languages	0
$T$ at Upper Mustang trekking	0
$T$ cameras take rafting trip at Grand Canyon wow . What a street view	0
Google cameras take rafting trip at $T$ wow . What a street view	0
RT @ CavsNationNet : Forget what anyone says , $T$ is the ultimate teammate . . . - J . R . Smith	0
TOUCH this image : $T$ - TV Series by Matteo Pirola # Vikings @ HistoryVikings	0
TOUCH this image : Vikings - TV Series by $T$ # Vikings @ HistoryVikings	0
TOUCH this image : Vikings - TV Series by Matteo Pirola $T$ @ HistoryVikings	0
RT @ Independent : $T$ has been ranked as the seventh - best city in the world to visit	0
RT @ verge : $T$ has launched a crowdfunding platform to help its own employees invent stuff	0
RT @ TheLadBible : $T$ you idiot !	0
RT @ LanaDReyCrew : $T$ for FASHION magazine	0
RT @ LanaDReyCrew : Lana Del Rey for $T$ magazine	0
That arrogance that $T$ exhibited was because he managed to escape the clutches of Law .	0
Campaign fun : Touring $T$ with Gov . Quinn on minimum wage	0
Campaign fun : Touring Illinois with Gov . $T$ on minimum wage	0
RT @ ANI news : Supporters climb up scaffolding to catch view of $T$ at the rally in Bhagalpur , Bihar .	0
RT @ ANI news : Supporters climb up scaffolding to catch view of PM Modi at the rally in $T$ , Bihar .	0
RT @ ANI news : Supporters climb up scaffolding to catch view of PM Modi at the rally in Bhagalpur , $T$ .	0
RT @ CuteEmergency : $T$ helping out with the computer .	0
RT @ davidcinema : You May Have Missed : 10 Essential $T$ Films You Need To Watch	0
RT @ nationaljournal : $T$ was born in Canada . Is he still eligible to be president ?	0
RT @ nationaljournal : Ted Cruz was born in $T$ . Is he still eligible to be president ?	0
$T$ owns my Hart . Get it ? Get it ? GET IT ! ? You get it .	0
Spectacular opening of # UWRF14 $T$ - Balinese Hindu dancing that takes me back to my own Indian roots	0
Spectacular opening of # UWRF14 Ubud Writers Fest - $T$ that takes me back to my own Indian roots	0
RT @ synergism Ent : Official Poster for $T$ 25th Anniversary @ OfficialRCTI # RCTI25	0
Come on $T$ , we are ready for you .	0
RT @ fubiz : Water Villa in $T$	0
RT @ Farah Gazan : $T$ claus in # Gaza	0
RT @ Farah Gazan : Santa claus in $T$	0
# Video : $T$ - Krista Sigfrieds brings gay marriage to Eurovision MORE :	0
# Video : Finland - $T$ brings gay marriage to Eurovision MORE :	0
# Video : Finland - Krista Sigfrieds brings gay marriage to $T$ MORE :	0
RT @ BEAUTIFULPlCS : $T$ blossoms above the canal . Photo by Hiro Kei .	0
RT @ BEAUTIFULPlCS : Cherry blossoms above the canal . Photo by $T$ .	0
The rights of man come not from the generosity of the state but from the hand of God . - - $T$ F . Kennedy	0
RT @ SadHappyAmazing : $T$ .	0
RT @ NBATV : $T$ recorded a season - high 34 points as the @ Pacers won their sixth straight game !	0
RT @ CuntsWatching : What a scoop for the $T$ . Incredible exclusive story .	0
Congrats $T$ on winning Best Independent Film for Fruitvale at @ theaafca :	0
Congrats Ryan Coogler on winning $T$ at @ theaafca :	0
RT @ idontcurve : $T$ looking as thick as ever	0
RT @ onedirection : # 1DPickOfTheWeek : $T$ warming up backstage before performing for some of YOU . 1DHQ x	0
RT @ LiberalEffects : $T$ A Child	0
RT @ ltsAmazing : $T$ , West Texas	0
RT @ ltsAmazing : Blood Lake , $T$	0
Great to be at $T$ with @ CoreyBBrooks in Woodlawn !	0
Great to be at New Beginnings Church with @ CoreyBBrooks in $T$ !	0
RT @ MTVteenwolf : I wish $T$ had one of these rn # TeenWolf	0
$T$ vs Greg Abbott	0
Wendy Davis vs $T$	0
RT @ ProyectoAyudaJB : $T$ retweets en 20 minutos ? BeliebersVoteForJustin # MTVHottest Justin Bieber	0
RT @ ProyectoAyudaJB : Mil retweets en 20 minutos ? BeliebersVoteForJustin # MTVHottest $T$	0
1 2 from $T$ . Meaning follows # genprev # AgainstATideOfEvil	0
RT @ FearInSociety : Father of Miss $T$ who was the victim of the # McKinney incident . Never stop RTing this	0
RT @ FearInSociety : Father of Miss Bakari who was the victim of the $T$ incident . Never stop RTing this	0
RT @ opstreetstyles : $T$	0
RT @ TheGiantWaffle : Some rare colored $T$ . lt #	0
Traveling to $T$ on business in 2015 ? # Montreal Airport has work desks in every room	0
Traveling to # MTL on business in 2015 ? $T$ has work desks in every room	0
RT @ Amyperuana : $T$ ( 1829 - 1896 ) Ophelia 1851 - 1852 .	0
RT @ Amyperuana : John Everett Millais ( 1829 - 1896 ) $T$ 1851 - 1852 .	0
$T$ . A tribute .	0
$T$ says , Surf ' s Up !	0
@ stiNgo100 $T$ decided to stay with Pink Floyd . Dorothy will follow later .	0
@ stiNgo100 Toto decided to stay with $T$ . Dorothy will follow later .	0
@ stiNgo100 Toto decided to stay with Pink Floyd . $T$ will follow later .	0
RT @ Everytown : As of 2013 , there are 1 , 141 licensed gun dealers in $T$ , 2 . 3 times the number of post offices	0
$T$ Stair # Arquitectura # Architecture	0
Escalera Stair $T$ # Architecture	0
RT @ LifeAsBros : THE LEAGUE AND $T$ HAVE NO CHILL	0
Hell yeah @ ThatMetalShow with $T$ and @ JPetrucci ! !	0
RT @ VICE : We followed the notorious Pink Panther gang as they stole diamonds across $T$ :	0
RT @ SPN Hunter 67 : Me amp $T$ ! # DallasCon	0
RT @ ReutersIndia : $T$ and Olympic skier Lindsey Vonn break up	0
$T$ - Jumeirah Zabeel Saray via @ olielo travels	0
RT @ tomesimpson : We cannot be afraid ! $T$ gets this right in this statement ! @ AmyMek @ surfermom77 @ LindaSuhler	0
RT @ phaneritic : Thunder snow in $T$ ! @ NWSSacramento @ SchwartzTV	0
RT @ TheNextWeb : $T$ and live video are changing the internet forever	0
Beautiful day today to have a walk in the $T$ # Marrakech # Maroc # Morroco	0
Beautiful day today to have a walk in the Koutoubia Garden $T$ # Maroc # Morroco	0
Beautiful day today to have a walk in the Koutoubia Garden # Marrakech $T$ # Morroco	0
@ Athleta would thrive in $T$ . We have the perfect storefront for you .	0
RT @ Pac12Networks : Pac - 12 champs @ UCLAMBB moved past $T$ and into the 3rd round .	0
Too close $T$ Saad celebrates his goal in the 1st . Trib photos :	0
Too close # Blackhawks $T$ celebrates his goal in the 1st . Trib photos :	0
Poor $T$ !	0
RT @ JustReIatabIe : $T$ gets point for this	0
RT @ MichaelSkolnik : SHE HAS A NAME : $T$ , a longtime church member was killed at AME Church last night .	1
RT @ MichaelSkolnik : SHE HAS A NAME : Susie Jackson , a longtime church member was killed at $T$ last night .	1
RT @ JeremyNicolls : $T$ . . . 2015 NBA FINALS MVP !	0
RT @ JeremyNicolls : Riley Curry . . . 2015 $T$ !	0
RT @ zaibatsu : $T$ ' s new student loan scheme : Subprime loans are coming to financial aid : # HigherEd	0
RT @ zaibatsu : Wall Street ' s new student loan scheme : $T$ are coming to financial aid : # HigherEd	0
RT @ BuzzFeed : $T$ and Shawn ' s Girl Meets World reunion is the best thing you ' ll see on TV all week	0
RT @ BuzzFeed : Cory and $T$ ' s Girl Meets World reunion is the best thing you ' ll see on TV all week	0
RT @ nbc6 : JUST IN : $T$ , New York Times Media Columnist , Dead at 58	0
RT @ nbc6 : JUST IN : David Carr , $T$ Media Columnist , Dead at 58	0
Over a million died of starvation in the $T$ 1845 - 9 . Prisons were barometers of desperation as here	0
RT @ AlexJamesFitz : This new $T$ video is INSANE	0
RT @ etv : Sigh , $T$ is back in the news ! DJ Zinhle confirms AKA amp Bonang affair .	0
RT @ etv : Sigh , AKA is back in the news ! $T$ confirms AKA amp Bonang affair .	0
RT @ etv : Sigh , AKA is back in the news ! DJ Zinhle confirms $T$ amp Bonang affair .	0
RT @ MotherJones : $T$ perfectly describes the woman - battering human landfill that is Floyd Mayweather http :	0
RT @ ThislsAmazing : $T$ - Sports Illustrated , 1971	0
RT @ ThislsAmazing : Steve McQueen - $T$ , 1971	0
RT @ FastCoExist : This company wants to build the world ' s largest solar installation - - in the $T$	0
RT @ enf : $T$ has farside signals , but they control turns from the intersection , not entering vehicles .	0
Sorry , $T$ RT @ RaysBaseball : Hey , @ Cubs , look for that Orphans flag next time you ' re at our place .	0
RT @ CoachellaFSHN : $T$	0
RT @ Bipartisanism : This grandma has a message for $T$ lawmakers . # BoycottIndiana	0
Mr . $T$ tearing up the streets of DC - @ ddotfilms	0
Mr . Sundance tearing up the streets of $T$ - @ ddotfilms	0
Keep in mind $T$ would have hard time denying that she took something from house	0
$T$ # raymysterio	0
$T$ talks with family after testifying at his trial	0
RT @ jackbenedwards : $T$ and Time Burton have split after 13 years	0
RT @ jackbenedwards : Helena Bonham Carter and $T$ have split after 13 years	0
RT @ BuzzFeed : $T$ is still floating	0
RT @ haaretzcom : . @ PeterBeinart : Can $T$ be trusted ? Here is what he said - you decide	0
Dreaming of $T$ , cool sign at the aloft in Portland @ alofthotel # pdx	0
Dreaming of Portland , cool sign at the aloft in $T$ @ alofthotel # pdx	0
RT @ big picture : Scenes from the unrest in $T$ this week	0
These parking spots in $T$ have . . . # Funny # Divertido # Que - risa	0
One hiccup later , $T$ closes the door . # Cubs sweep Diamondbacks . Photos :	0
RT @ 350 : Today in $T$ : Thousands march for # JobsJusticeClimate ! For live updates and photos :	0
RT @ Nrashk : @ Agriterra FACT tour . . . . good opportunity during my masters study in $T$ . . . . . .	0
RT @ AshMutiso : @ asiligwajnr Hey I ' m doing a campaign to collect Story books for the kids of $T$ Look at the poster below http :	0
RT @ Cum n mybooty : $T$ looks like someone from the Purge	0
RT @ mjesusgz : Swans and $T$ by Hadi Mohsentabar	0
RT @ mjesusgz : Swans and Damavand peak by $T$	0
RT @ Kamidiox : # inktober with $T$ season 10 spoilers !	0
RT @ TheIndyPeople : Fan who spent 100 , 000 to look like $T$ reported missing	0
RT @ OnlyHipHopFacts : I have decided in 2020 to run for president . - $T$	0
$T$ and Ben Kingsley with their Oscars for Gandhi .	0
Attenborough and $T$ with their Oscars for Gandhi .	0
Attenborough and Ben Kingsley with their $T$ for Gandhi .	0
Attenborough and Ben Kingsley with their Oscars for $T$ .	0
RT @ bretttt : @ PHSViking Mr . $T$ first bell looks the best ! NICE JOB 24 7 # PrincetonPride	0
Tonights the night . . . im going to eat it . . . I have to eat it ! $T$	0
RT @ EW : $T$ on THAT crazy streaker scene in # 7DaysinHell :	0
RT @ ErinAndrews : Wow RT @ thinkprogress : 1 $T$ goes Red , White and Blue for 9 11 anniversary	0
@ sexuaI : $T$ is looking fire # GRAMMYs she so right	0
RT @ Colorlines : $T$ Warned Us About Trolls Like Don Lemon	0
RT @ Colorlines : Langston Hughes Warned Us About $T$ Like Don Lemon	0
RT @ Colorlines : Langston Hughes Warned Us About Trolls Like $T$	0
RT @ SportsNation : $T$ released his new shoes . . . AND HIS NEW HAIRLINE ? !	0
In honor of $T$ week , Henry Ford West Bloomfield Hospital president @ lmtoros amp the ER Team visited local firehouses .	0
In honor of # EMS week , Henry Ford West Bloomfield Hospital president @ lmtoros amp the $T$ visited local firehouses .	0
RT @ JoshuaAuger : When you loose your mum in $T$	0
Well that ' s a cool trick ! RT @ GettySport : A sea of color from Day 6 of the Four Hills # SkiJumping in $T$ .	0
$T$ outbreak linked to cucumbers 66 cases in Arizona	0
Salmonella outbreak linked to cucumbers 66 cases in $T$	0
Dope like that RT @ ElliottWilson : # RP @ rosenbergradio via $T$	0
RT @ astro kjell : Hurricane $T$ lurking in the Pacific .	0
RT @ astro kjell : Hurricane # Jimena lurking in the $T$ .	0
RT @ BuzzFeeders : 17 Reasons $T$ Dominates Your Darkest Fantasies	0
Wow ! Just saw $T$ shows the same guys , in the same spot , in 2007 , 2011 and 2014 . Guess where I found them Sunday	0
RT @ espn : $T$ is sitting courtside in Los Angeles . . . but not for a Lakers game . ( via @ ESPNNBA )	0
RT @ espn : Jack Nicholson is sitting courtside in $T$ . . . but not for a Lakers game . ( via @ ESPNNBA )	0
RT @ espn : Jack Nicholson is sitting courtside in Los Angeles . . . but not for a $T$ game . ( via @ ESPNNBA )	0
RT @ engadget : $T$ is suffering a complete internet outage	0
Notes From Behind the Firewall : The State of Web # Design in $T$	0
RT @ HollyAMeyer : $T$ is in there shaking hands and the rain has arrived # ObamaTN	0
Interview With $T$ Author Betsy Thomson : via @ ThisKid Erik	0
Interview With Bucks County Author $T$ : via @ ThisKid Erik	0
RT @ CoachellaFSHN : $T$	0
RT @ TempleUniv : $T$ on national TV !	0
RT @ TempleUniv : Stella on $T$ !	0
$T$ 2004 @ ThePlantCell paper retracted Olivier Voinnet takes full responsibility	0
P Dunoyer 2004 @ ThePlantCell paper retracted $T$ takes full responsibility	0
RT @ CompuwareAPM : Customer panel at # PerformGlobal14 in $T$	0
RT @ sonsandbros : $T$ would have been 29 years old today . We will not forget his name . # BlackLivesMatter	0
RT @ kentwired : $T$ to be held on Friday .	0
$T$ # Wheaties	0
RT @ bulutangkisRI : $T$ ( The Winner ) and Kenichi Tago ( Runner Up ) of MS # IndonesiaSSP 2014 . Congrats !	0
RT @ bulutangkisRI : Jan O Jorgensen ( The Winner ) and $T$ ( Runner Up ) of MS # IndonesiaSSP 2014 . Congrats !	0
RT @ nuggits2 : White people almost kissing - a book by $T$	0
RT @ amnesty : 10 - year - old rape survivor MUST be allowed a safe abortion ! $T$ # HumanRights	0
RT @ MarcMonster : $T$ straight up looks like Spongebob when he became Normal	0
RT @ MarcMonster : Iggy straight up looks like $T$ when he became Normal	0
$T$ adventure	0
$T$ bought us lunch today ! ! !	0
Huh ! ? Smh RT @ ComedyCentralKE Terrible day for $T$ . # GarissaAttack # KenyaAttack	1
RT @ barcasstuff : When you realise you wanna stay but already signed for $T$	0
Dreamy landscape photography by $T$	0
RT @ FortuneMagazine : $T$ wants to be your wireless company	0
RT @ premierleague : # BPLStorySoFar $T$ of @ ChelseaFC has won the most tackles in the # BPL 2014 15 to date . . .	0
RT @ premierleague : # BPLStorySoFar Nemanja Matic of @ ChelseaFC has won the most tackles in the $T$ 2014 15 to date . . .	0
Get the new $T$ for quick access to student amp district info !	0
RT @ rogerfederer : Supporting $T$ today from New York City . Go @ FC Basel go @ mchiudinelli33	0
RT @ rogerfederer : Supporting Basel today from $T$ . Go @ FC Basel go @ mchiudinelli33	0
RT @ rogerfederer : Supporting Basel today from New York City . Go @ FC $T$ go @ mchiudinelli33	0
RT @ WiredUK : $T$ creator Notch says his billions have made him miserable	0
RT @ WiredUK : Minecraft creator $T$ says his billions have made him miserable	0
Weekend Pass pond hockey guys hanging @ ChampionsBoston $T$ is awesome . # SuperBowl	0
Prisoner Kaczynski Mentioned in $T$	0
@ Crowdtap wins the $T$ bowling championship !	0
RT @ HuffPostPol : $T$ : Give Hillary Clinton a chance	0
RT @ HuffPostPol : Elizabeth Warren : Give $T$ a chance	0
RT @ NavyRecognition : Joint Logistic Support Ship $T$ # Netherlands # Navy http :	0
RT @ NavyRecognition : Joint Logistic Support Ship # JSS Karel Doorman Commissioned Into Royal $T$ # Navy http :	0
RT @ Independent : BREAKING : A terror plot to attack churches has been foiled in $T$	1
RT @ oldpicsarchive : A vintage shot of $T$ .	1
At the $T$ # art walk right meow .	0
RT @ ABSCBNNews : $T$ to face firing squad sans blindfold , handcuffs	0
RT @ NBAonTNT : Join us in wishing $T$ a Happy Birthday and continued well wishes !	0
Our # Lifebox poster at # ASiT2015 on emergency essential surgery in $T$ @ SaferSurgery # globalhealth	0
Thank you @ MissCO2013 $T$ for an outstanding year of service ! Meg crowns # MissCO2014 this weekend .	0
Thank you @ MissCO2013 Meg Kardos for an outstanding year of service ! $T$ crowns # MissCO2014 this weekend .	0
RT @ Mark Baden : These are the coldest wind chills I have ever seen on our WI computer models . - 79 in $T$ .	0
I can tell none of my children or grandchildren were in the $T$ , Pop noted while fixing his boat	0
March 21 - 22 , 2015 - $T$ , TX ( Katy ) Manual Therapy Approach for Cervical Spine Pathology	0
March 21 - 22 , 2015 - Houston , $T$ ( Katy ) Manual Therapy Approach for Cervical Spine Pathology	0
Quarter size hail reported in $T$ @ PIX11News	0
$T$ - Barnard Castle # CountyDurham	0
Bowes Museum - $T$ # CountyDurham	0
RT @ SFGate : 140 whales have died after getting stranded on a $T$ beach	0
RT @ judgealexferrer : Work ' s done so I ' m relaxing with my buddy $T$ at his NY bar Mickey Spillane ' s in Hell ' s Kitchen . Good times . http	0
RT @ judgealexferrer : Work ' s done so I ' m relaxing with my buddy Richie at his $T$ bar Mickey Spillane ' s in Hell ' s Kitchen . Good times . http	0
RT @ judgealexferrer : Work ' s done so I ' m relaxing with my buddy Richie at his NY bar $T$ ' s in Hell ' s Kitchen . Good times . http	0
RT @ RelatableQuote : This is the only person who fully understood what $T$ was talking about	0
RT @ FootballJester : How $T$ picked their officials for the # WorldCup	0
Mies towers , $T$ Center , Dirty sunroof # Chicago	0
Mies towers , Hancock Center , Dirty sunroof $T$	0
@ jdhallky I am hoping for a man named Father $T$ .	0
RT @ Lewd Imouto : So , this is how people cooks in $T$ ?	0
RT @ thehill : $T$ has now lasted 469 days , spent 4 million :	0
RT @ 94sidiot : $T$ has THE BEST FRIENDS EVER # NiallAppreciationDay	0
When you try to do a project about a blizzard in $T$	0
RT @ GamecockMBB : $T$ Opener at Florida tomorrow ! Here we go ! # Gamecocks	0
RT @ GamecockMBB : SEC Opener at $T$ tomorrow ! Here we go ! # Gamecocks	0
Fantastic assortment in new cigar shop $T$ , Macedonia	0
Fantastic assortment in new cigar shop Skopje , $T$	0
This is $T$ in Sidney , Australia . Photography by Michael Domaradzki # BeautifulPlaces # Travel	0
This is Parsley Bay in $T$ , Australia . Photography by Michael Domaradzki # BeautifulPlaces # Travel	0
This is Parsley Bay in Sidney , $T$ . Photography by Michael Domaradzki # BeautifulPlaces # Travel	0
This is Parsley Bay in Sidney , Australia . Photography by $T$ # BeautifulPlaces # Travel	0
RT @ FastCoDesign : Why the $T$ logo got a makeover :	0
With @ stormfitnesspt in $T$ curing Plantar on # Stoptober . . .	0
With @ stormfitnesspt in Newcastle curing $T$ on # Stoptober . . .	0
With @ stormfitnesspt in Newcastle curing Plantar on $T$ . . .	0
Spring into home improvement . ( Brought to you by $T$ ' s )	0
RT @ kodaboi 757 : THIS IS COMING TO $T$ ! ! ! ! ! WTF	0
RT @ ussoccer wnt : Its happening ! Ticker Tape Parade down $T$ in NY , Friday at 11am - More Info http	0
RT @ ussoccer wnt : Its happening ! Ticker Tape Parade down The Canyon of Heroes in $T$ , Friday at 11am - More Info http	0
Ice bikes gain traction in bitterly cold $T$ , New York	0
Ice bikes gain traction in bitterly cold Buffalo , $T$	0
RT @ TeenWolfTalk : $T$ I think you have the wrong show # ThisIsntSmallville	0
RT @ DepressedDarth : $T$ Fans right now # BrazilvsGermany	0
# tbt to the original 1998 $T$ Broadway production of Violet - the latest Off Broadway musical to bow on Broadway .	0
# tbt to the original 1998 Off $T$ production of Violet - the latest Off Broadway musical to bow on Broadway .	0
# tbt to the original 1998 Off Broadway production of Violet - the latest $T$ Broadway musical to bow on Broadway .	0
# tbt to the original 1998 Off Broadway production of Violet - the latest Off $T$ musical to bow on Broadway .	0
# tbt to the original 1998 Off Broadway production of Violet - the latest Off Broadway musical to bow on $T$ .	0
RT @ BestOldtimers : 1967 $T$	0
RT @ stevesilberman : The demolished $T$ rise again as 3D light projections .	0
Celebration in $T$ !	0
RT @ DepressedDarth : $T$ fans right now # NEDvsMEX	0
$T$ # illtakeit	0
$T$ @ Kefalonia , Greece via @ thefancy	0
Melissani Cave @ Kefalonia , $T$ via @ thefancy	0
RT @ Gizmodo : This $T$ communicator is bad news for my friends :	0
RT @ SMTownEngSub : ENG SUB HD 150610 $T$ - Minho Kiss Cuts	0
RT @ SMTownEngSub : ENG SUB HD 150610 MBC Radio Star - $T$ Kiss Cuts	0
This should be amusing . $T$ is eating a Carolina Reaper pepper on twitch while . . .	0
This should be amusing . Nicholas Grugin is eating a $T$ pepper on twitch while . . .	0
This should be amusing . Nicholas Grugin is eating a Carolina Reaper pepper on $T$ while . . .	0
Our amazing # elcoutreach team went out to $T$ to feed the homeless today ! THANK YOU FOR SERVING !	0
RT @ BicycleDutch : Opened last Wednesday . A beautiful new cycle bridge between $T$ and Rhoon .	0
RT @ BicycleDutch : Opened last Wednesday . A beautiful new cycle bridge between Rotterdam and $T$ .	0
Good Boy status : $T$ is a Good Boy	0
Good Morning from $T$ , NY ! Today will be all that you make it to be . Live Intentionally ! Live Mindfully ! # quotes	0
Good Morning from Buffalo , $T$ ! Today will be all that you make it to be . Live Intentionally ! Live Mindfully ! # quotes	0
RT @ NDatRivals : Little to laugh about during the $T$ against LSU after the ' 06 season , but this sign did it for me .	0
RT @ NDatRivals : Little to laugh about during the Sugar Bowl against $T$ after the ' 06 season , but this sign did it for me .	0
RT @ SportsCenter : We are heartbroken to report that $T$ has died after a long fight with cancer . He was 49 .	0
$T$ @ chickfila wanted to bless us amp give our staff a free lunch today ! A special time of fun , family amp good food !	0
RT @ SSEAusPru : @ SSEAusPru : Totally inspirational $T$ # socent tour ! @ SSEAusPru @ BT Financial # socialincubator	0
RT @ SSEAusPru : @ SSEAusPru : Totally inspirational Tony Sharp $T$ tour ! @ SSEAusPru @ BT Financial # socialincubator	0
Watch Live : $T$ marks closest approach by first spacecraft to explore Pluto .	0
Watch Live : NASA marks closest approach by first spacecraft to explore $T$ .	0
RT @ strombone1 : $T$ is out today ? GUYS I GOT THIS ! ! !	0
RT @ vote4ina : $T$ future leaders ! @ AnniesListTX	0
$T$ is just . . . wow !	0
RT @ ArronHirst : $T$ retracts : # iPadPro	0
Be not simply good be good for something . - $T$ . . .	0
Tof ! Door gastspreker $T$ geselecteerde boeken over innovatie in @ dekennismakerij # spz013 # kennisdelen	0
Some businesses have been hit by the cold weather at night , but $T$ outlets are doing well .	0
1 year ago today , the invincible $T$ claimed her 5th gold in the 5th race ! # Sochi1YearOn	0
RT @ I LOVE NY : On this day in 1885 , the Statue of Liberty arrived in $T$ . # LoveNYHistory	0
RT @ ABC7 : $T$ to return for record 67th year with @ Dodgers	0
RT @ CNET : Done drinking your $T$ coffee ? Eat the cup	0
RT @ Channel4News : $T$ remembered 20 years on	0
RT @ KResearcher : More of $T$	0
RT @ Olympics : On this day 79 years ago , $T$ became a legend when he won his first gold medal . # Olympics	0
Head to the $T$ tonight via @ blogto	0
RT @ Johnnidijulius : Shirts for tomorrows dual against $T$ have Kosta ' s back tattoo printed on it ! Miss you buddy .	0
Working to get more information . Councilman $T$ says promoter hosted event to give teens something to do .	0
RT @ beautifulpixx : $T$ in South Korea .	0
RT @ beautifulpixx : Seoraksan National Park in $T$ .	0
( They moved upstairs ) RT @ JessicaGalliart : Photo of the former $T$ newsroom , from @ Strannik REB45	0
RT @ KRAEZYClothing : $T$ MADE # CreativeHustlersTradingPlaces	0
RT @ KatCallaghan : Thanks to $T$ and everyone @ BioreCanada for the Welcome to @ Z1035Toronto gift !	0
We may have underestimated $T$ but Samaritan has underestimated the Machine . I miss this duo # FinchxReese	0
We may have underestimated Samaritan but $T$ has underestimated the Machine . I miss this duo # FinchxReese	0
How did $T$ not win Food Network Star ? ! ! ? ! Look at his twitter bio ! !	0
How did Piestyle not win $T$ ? ! ! ? ! Look at his twitter bio ! !	0
How did Piestyle not win Food Network Star ? ! ! ? ! Look at his $T$ bio ! !	0
RT @ ELLEmagazine : $T$ has the BEST present to give to you :	0
RT @ Adweek : Whole neighborhood learns sign language to surprise deaf resident in $T$ spot :	0
RT @ MalalaFund : $T$ is ready to answer your questions ! Send your questions using # MalalaFund	0
@ rossauger Hey $T$ please check out this Metal Show in Vegas !	0
@ rossauger Hey Ross please check out this $T$ in Vegas !	0
@ rossauger Hey Ross please check out this Metal Show in $T$ !	0
RT @ CNBC : JUST IN : A protester just rushed $T$ during an ECB pressser . Watch :	0
RT @ CNBC : JUST IN : A protester just rushed Mario Draghi during an $T$ pressser . Watch :	0
RT @ FootyHumour : This is what 7 goals in 2 seasons for $T$ buys you :	0
RT @ ScottFeinberg : This is $T$	0
RT @ ConceptGrp : The government is basically throwing in the towel ? $T$	0
What a great evening session ! Ukraine finishes Day 5 in 1st position of the medals table , $T$ in 2nd and GB in 3rd	0
What a great evening session ! Ukraine finishes Day 5 in 1st position of the medals table , Russia in 2nd and $T$ in 3rd	0
I visited $T$ last weekend and fell in love with this fascinating city . . Congrats # YilmazBuyukersen	0
RT @ ScotlandDX : P - 843 $T$ outbound for # JointWarrior	0
More than 60K # mfg # jobs were brought to the $T$ by # reshoring amp # FDI in 2014 via @ ASelkoIW	0
More than 60K # mfg # jobs were brought to the US by # reshoring amp $T$ in 2014 via @ ASelkoIW	0
RT @ ClassicPixs : $T$ at Woodstock , 1969 .	0
RT @ ClassicPixs : Jimi Hendrix at $T$ , 1969 .	0
RT @ Dezeen : Students believe $T$ fire was started by an exploding projector :	0
RT @ Portpictures NL : Again in $T$ Welcome ! @ PortOfRotterdam @ Dockwise @ DockwiseVRdam ( photo 1st time ) @ OffshoreME h	0
Great lectures in the # citizensengage $T$ ! Thanks to the @ WorldBank for this awesome opportunity !	0
Mentoring surgical research from $T$ : enable rapid progression for high quality trainees # meded @ STARSurgUK	0
RT @ Military Edge : $T$ Deploys Ships To Monitor Libyan Coast via @ defense news	0
RT @ Military Edge : Italy Deploys Ships To Monitor $T$ via @ defense news	0
The kiss of death is when you allow marketing to dumb down innovations . - $T$ , CEO Research in Motion	0
Blog site clinic $T$	0
RT @ business : $T$ and Greece aside , global growth is actually accelerating	0
RT @ business : China and $T$ aside , global growth is actually accelerating	0
Listen to $T$ : Remixed by Apple Music Pop on @ AppleMusic . https : t . co HNzPKKxJjK	0
$T$ REVIEW : NIGHT OWLS begins with things in motion and unfolds theatrically .	0
RT @ Squawka : $T$ and Lionel Messi : So much class in one photo . # UCLFinal	0
RT @ Squawka : Andrea Pirlo and $T$ : So much class in one photo . # UCLFinal	0
Remembering $T$ . # NeverForget	0
RT @ CuteEmergency : Meet $T$	0
@ Matt Jory lookin pro in the new $T$ !	0
And the last pictures . . . . I MISS $T$ . COME BACK .	0
RT @ WESH : $T$ flights cancelled , delayed in Orlando	0
RT @ WESH : Allegiant flights cancelled , delayed in $T$	0
RT @ larlar1971 : Love by the Moon Waxing Crescent , $T$ , Worcestershire , UK	0
RT @ larlar1971 : Love by the Moon Waxing Crescent , Canon 600D , $T$ , UK	0
RT @ larlar1971 : Love by the Moon Waxing Crescent , Canon 600D , Worcestershire , $T$	0
RT @ SimonMaloy : and yeah sure $T$ definitely hates demagoguery of immigration issues	0
Get down to the $T$ to donate ! Every penny helps .	0
The geometry of plants . $T$ Conservatory	0
4 of the best luxury restaurants in $T$ RT @ luxury travel # luxury # restaurants # Montreal	0
4 of the best luxury restaurants in Montreal RT @ luxury travel # luxury # restaurants $T$	0
21 Looks Everyone from $T$ Will Recognize	0
RT @ NJHNEWS : $T$ when he went to pee tonight in Santa Clara - 7 11	0
RT @ NJHNEWS : Niall when he went to pee tonight in $T$ - 7 11	0
RT @ Jhpiego : # Didyouknow : As many as 15 of maternal deaths are due to $T$ in settings of high # HIV prevalence .	0
RT @ Jhpiego : # Didyouknow : As many as 15 of maternal deaths are due to # TB in settings of high $T$ prevalence .	0
RT @ firstthingsmag : The story of $T$ , the oft - overlooked Native American visionary :	0
$T$ introduces new technology to speed things up	0
RT @ 49ers : $T$ 50 is coming to the Bay Area . # SFSuperBowl	0
RT @ 49ers : Super Bowl 50 is coming to the $T$ . # SFSuperBowl	0
Happy 18th anniversary of birth to one of my favorite humans , @ heyjessthemess . Love you sooo much , $T$ . lt 3	0
Looking forward to watching $T$ v Honduras tonight live at CF . . . . . . Your cold beer is waiting for u : )	0
Looking forward to watching England v $T$ tonight live at CF . . . . . . Your cold beer is waiting for u : )	0
Looking forward to watching England v Honduras tonight live at $T$ . . . . . . Your cold beer is waiting for u : )	0
RT @ chelseafc : Our last 10 league games away at $T$ . . . # CFC	0
RT @ chelseafc : Our last 10 league games away at Stoke City . . . $T$	0
RT @ BrentToderian : Remarkable . # NotAfraid RT @ SaraAssaf : $T$ now . In all its splendor . # JeSuisCharlie # CharlieHebdo	0
I should become a doctor so I can afford one of these . # LandRober $T$ # Hipstamatic # Susie # BigUp	0
I should become a doctor so I can afford one of these . # LandRober # defender90 $T$ # Susie # BigUp	0
I should become a doctor so I can afford one of these . # LandRober # defender90 # Hipstamatic $T$ # BigUp	0
$T$ celebrates his Rossignol Cup win ! We knew there was good reason he runs our Snow School ! Congrats !	0
Rob Carmichael celebrates his $T$ win ! We knew there was good reason he runs our Snow School ! Congrats !	0
He flexed RT @ MLBGIFs : Good morning , $T$ .	0
RT @ BleacherReport : St . Thomas pitcher $T$ is the stuff legends are made of .	0
RT @ FindMyBikeYYC : Is this your frame ? Found near the elbow river in $T$ .	0
RT @ DailyMirror : Terrorist $T$ found GUILTY and faces 100 years in jail	0
RT @ RothschildHan : Happy 100th Birthday to $T$	0
RT @ BFI : RIP $T$ ( The Great Escape , The Rockford Files )	0
RT @ BFI : RIP James Garner ( $T$ , The Rockford Files )	0
RT @ BFI : RIP James Garner ( The Great Escape , $T$ )	0
RT @ jenanmoussa : The $T$ at night from space - without borders , religion or ethnicity v @ VoxMaps	0
RT @ business : Once the 2020 $T$ are over , Tokyo faces a bleak future	0
RT @ business : Once the 2020 Olympics are over , $T$ faces a bleak future	0
$T$ had a home amp car as part of her swap ! plus some great Balinese cuisine of course # Bali -	0
Beautiful day at $T$ for @ STARSurgUK # medstudent research amp audit course	0
RT @ ArtPicsChannel : $T$ : Forest of Beech trees , 1903 .	0
RT @ ArtPicsChannel : Gustav Klimt : $T$ , 1903 .	0
Unfortunately , due to the rainy conditions we will be canceling our final night of $T$ .	0
RT @ NDFootball : $T$ and Tranquill hug it out after taking down # 14 Stanford at home .	0
RT @ NDFootball : Smith and $T$ hug it out after taking down # 14 Stanford at home .	0
RT @ NDFootball : Smith and Tranquill hug it out after taking down # 14 $T$ at home .	0
RT @ thehill : $T$ : I used two computers at State	0
RT @ 49ers : $T$ reporting for work . # SFvsNO # BeatTheSaints	0
Probably the most awesome pic ever . RT @ IanMcKellen : Skeeball ! At $T$ .	0
$T$ Comes to School @ edtechwolverine rocking it ! if u have great kids doing amazing things ! - ) # vste14	0
The Best of $T$ in 2 Days via @ hannahlogan21 # ttot # travel	0
RT @ EarthPixDaiIy : $T$	0
Pastor @ keithcraft is on The 700 Club at $T$ today ! Tune in tonight for an amazing word on # yourdivinefingerprint	0
RT @ triflingzjm : American football player $T$ and his model boyfriend zayn	0
RT @ triflingzjm : American football player liam and his model boyfriend $T$	0
RT @ HuffingtonPost : $T$ announces on - demand alcohol delivery	0
Came across an old college freshmen pic from 2006 . Couldnt tell me I wasnt a die hard $T$ fan .	0
RT @ latimesphotos : How @ rdaphoto63 shot $T$ Includes lighting diagram .	1
RT @ McLarenF1 : More than just $T$ . # HappyValentinesDay	0
RT @ KennettDems : RT if you did , too ! $T$	0
@ ajhmurray $T$ playing on your fruity ! # manyfingersinmanypies	0
RT @ VignelliCenter : $T$ . Welcome @ yoshibeatriz ! # designconversations # vignelli # rit # roc	0
RT @ VignelliCenter : Vignelli Centered . Welcome @ yoshibeatriz ! # designconversations $T$ # rit # roc	0
RT @ bonifacemwangi : $T$ who is legally in Kenya and plays for AFC leopards is currently in police cells .	0
RT @ bonifacemwangi : Mohamud Sadaq who is legally in $T$ and plays for AFC leopards is currently in police cells .	0
RT @ bonifacemwangi : Mohamud Sadaq who is legally in Kenya and plays for $T$ leopards is currently in police cells .	0
RT @ DanceGoaIs : $T$ hittin it !	0
HOMICIDE - $T$	0
4 Hours till show time ! $T$ !	0
RT @ andrea 4520 : My tulip fever by $T$	0
RT @ AshleeDeMartino : Police processing the suspected bank robbers car . Blocking 2 south bound lanes on $T$ .	0
$T$ was preparing an art gallery show opening when a man died outside yesterday # NextDayChi	0
$T$ trying to be mean	0
RT @ Nordstrom : Happy $T$ !	0
$T$ B . Jordan opens up about filming at the real Fruitvale Station where Oscar Grant was fatally shot :	1
Michael B . Jordan opens up about filming at the real $T$ where Oscar Grant was fatally shot :	1
Michael B . Jordan opens up about filming at the real Fruitvale Station where $T$ was fatally shot :	1
RT @ FotosFred : A Seagull in Flight by $T$ # fineart # fineartamerica # photography	0
RT @ OFA HI : Retweet if you support # MarriageEquality in the $T$ state . # lgbt	0
Glad to speak @ humancaresyria fundraising dinner now $T$ : their motto Syrians working on the ground for # Syria	0
Glad to speak @ humancaresyria fundraising dinner now London : their motto Syrians working on the ground for $T$	0
Using External Resources when building # SAPLumira Viz Extensions in $T$ :	0
$T$ is 5 - good age to start as mobile game designer . This is Ninja	0
RT @ FightingIrish : @ NDFootball with a strong defensive effort to beat $T$ 17 - 14 . Jaylon Smith with 14 tackles . Details :	0
RT @ FightingIrish : @ NDFootball with a strong defensive effort to beat Stanford 17 - 14 . $T$ with 14 tackles . Details :	0
RT @ RollingStone : Watch $T$ jump out of a cake for Letterman on # LateShow :	0
RT @ RollingStone : Watch Bill Murray jump out of a cake for $T$ on # LateShow :	0
RT @ TheEconomist : How big is $T$ really ? Much bigger than it looks on most maps	0
No matter how you deploy $T$ amp SharePoint , effectively protect it in the cloud	0
No matter how you deploy Microsoft Exchange amp $T$ , effectively protect it in the cloud	0
RT @ sumertimestyles : HQ pictures of the arrest of One direction member , $T$ . # HarryGotArrested	0
At $T$ in Edinburgh . Great coffee , great view , no WiFi ! ! Seriously ? Fail !	0
At Costa Coffee in $T$ . Great coffee , great view , no WiFi ! ! Seriously ? Fail !	0
At Costa Coffee in Edinburgh . Great coffee , great view , no $T$ ! ! Seriously ? Fail !	0
$T$ - scary but yet serene . # TimeLapse	0
RT @ SLAMonline : $T$ # MJMondays	0
RT @ OldSchoolPanini : Happy Birthday to $T$	0
RT @ LifelnWords : $T$ .	0
RT @ VeryOldPics : $T$ cast announced in 2000	0
$T$ and his wife . Wth lol nvm its halloween	0
Matt and his wife . Wth lol nvm its $T$	0
Some nice illustration work from $T$ via @ Theispot # Design # art	0
RT @ JuliaAngwin : Was a treat to interview $T$ today with @ normative at # CatoSpyCon	0
$T$ is amazing . He told me an my ex he loved us lol	0
Why $T$ not part of prestigious expo Milan	0
Why India not part of prestigious expo $T$	0
Cocina Kitchen # Interiorismo $T$	0
RT @ HistoricalPics : The famous $T$ performance by Johnny Cash . 1968 .	0
RT @ HistoricalPics : The famous Folsom Prison performance by $T$ . 1968 .	0
Massive talent $T$ takes NY by storm at The Mercury Lounge . Gracias for the the tip @ TessFenn @ AlejandroFenn	0
Massive talent Morgan Karr takes $T$ by storm at The Mercury Lounge . Gracias for the the tip @ TessFenn @ AlejandroFenn	0
Massive talent Morgan Karr takes NY by storm at $T$ . Gracias for the the tip @ TessFenn @ AlejandroFenn	0
Massive talent Morgan Karr takes NY by storm at The Mercury Lounge . Gracias for $T$ the tip @ TessFenn @ AlejandroFenn	0
Massive talent Morgan Karr takes NY by storm at The Mercury Lounge . Gracias for the $T$ tip @ TessFenn @ AlejandroFenn	0
RT @ whitehouse : In honor of his birthday , see $T$ like never before with the @ GoogleArt project : http . . .	0
RT @ kingsthings : Happy birthday @ wizkhalifa ! I bet I can guess how $T$ is spending his day . . .	0
RT @ FoxNews : $T$ pushes for US to arm Ukraine , as European leaders push for cease - fire	0
RT @ FoxNews : Cruz pushes for $T$ to arm Ukraine , as European leaders push for cease - fire	0
RT @ FoxNews : Cruz pushes for US to arm $T$ , as European leaders push for cease - fire	0
RT @ FullHoteles : Simplemente hermoso ! ! ! $T$ # Mexico	0
RT @ FullHoteles : Simplemente hermoso ! ! ! Puerto Vallarta $T$	0
MT @ SDCaltrans : Circa 1966 - $T$ under construction between I - 8 15 . # TBT	0
RT @ kyungsoo stan : Expectation : $T$ teaser photos Reality : Chanbaek teaser photos	0
The parade is about to get underway ! Head over to $T$ now for Field Trip Friday in Prescott . # 3TVFieldTrip	0
The parade is about to get underway ! Head over to 3TV now for $T$ in Prescott . # 3TVFieldTrip	0
The parade is about to get underway ! Head over to 3TV now for Field Trip Friday in $T$ . # 3TVFieldTrip	0
RT @ History Pics : A young $T$ .	0
RT @ BEAUTIFULPlCS : $T$ , NY .	0
RT @ BEAUTIFULPlCS : NY , $T$ .	0
RT @ HistoryInPics : $T$ and Mick Jagger on a train , 1967	0
RT @ HistoryInPics : Paul McCartney and $T$ on a train , 1967	0
Win tix to see $T$ in Cleveland ! Call me now at ( 330 ) 672 - 7700 amp tell me Lights ' daughter ' s name amp they ' re yours !	0
Win tix to see LIGHTS in $T$ ! Call me now at ( 330 ) 672 - 7700 amp tell me Lights ' daughter ' s name amp they ' re yours !	0
Win tix to see LIGHTS in Cleveland ! Call me now at ( 330 ) 672 - 7700 amp tell me $T$ ' daughter ' s name amp they ' re yours !	0
RT @ WESH : $T$ agent accused of killing wife held on no bond	0
RT @ YepillPosts : 8 years today R . I . P to the GOAT $T$	0
RT @ CBSSportsCBB : Unbelievable emotion from $T$ .	0
RT @ Besselink : Some bold schools here in $T$ Lewiston - altura goes empathetic with service learning # mde2014	0
RT @ Besselink : Some bold schools here in Minesota $T$ goes empathetic with service learning # mde2014	0
$T$ : Miya Siverly taken near Snowflake in dark green 2000 BUICK LLF , AZ plate BLA4754 . Call PD 928 - 524 - 4050	0
AMBER ALERT : $T$ taken near Snowflake in dark green 2000 BUICK LLF , AZ plate BLA4754 . Call PD 928 - 524 - 4050	0
AMBER ALERT : Miya Siverly taken near Snowflake in dark green $T$ , AZ plate BLA4754 . Call PD 928 - 524 - 4050	0
AMBER ALERT : Miya Siverly taken near Snowflake in dark green 2000 BUICK LLF , $T$ plate BLA4754 . Call PD 928 - 524 - 4050	0
Glamour and Sophistication in this $T$ : # luxury # decor RT @ theartofbespoke	0
$T$ , Geordi and I at Star Trek Las Vegas . # STLV # STLV2014 # cosplay	0
Sherlock Data , $T$ and I at Star Trek Las Vegas . # STLV # STLV2014 # cosplay	0
Sherlock Data , Geordi and I at $T$ . # STLV # STLV2014 # cosplay	0
Sherlock Data , Geordi and I at Star Trek Las Vegas . $T$ # STLV2014 # cosplay	0
Sherlock Data , Geordi and I at Star Trek Las Vegas . # STLV # STLV2014 $T$	0
Holicray - cray ! Use your $T$ every day for a chance to win # StarbucksforLife	0
RT @ TheEconomist : Why is $T$ such a great place to test digital products ?	0
I am upsest with tree rings now . I know the feeling $T$ ! Thank you note from 4th grader , JB Wright Elem School	0
I am upsest with tree rings now . I know the feeling Cristobal ! Thank you note from 4th grader , $T$	0
Gamma ray cancer scanners to be trialled in $T$	0
RT @ amandakaschube : $T$ ' s son C . J . with the Stanley Cup at today ' s rally # blackhawks @ briancassella http	0
RT @ amandakaschube : Clint Reif ' s son C . J . with the $T$ at today ' s rally # blackhawks @ briancassella http	0
For the post yoga pants generation $T$ is more important than Facebook # Minecraft # creeper	0
For the post yoga pants generation Minecraft is more important than $T$ # Minecraft # creeper	0
For the post yoga pants generation Minecraft is more important than Facebook $T$ # creeper	0
Discover what we do . Sage Thought Leadership Podcast with $T$ and Ed Kless of Sage https : t . co QIXf93Gktk	0
Discover what we do . Sage Thought Leadership Podcast with Peter Grajczyk and $T$ of Sage https : t . co QIXf93Gktk	0
RT @ McflyToSpain : $T$ is my entire life	0
RT @ pngelection : # png History in the making : $T$ , first Chinese who is likely to win EHP regional	0
RT @ pngelection : # png History in the making : Simon Sia , first Chinese who is likely to win $T$ regional	0
And this is proof that the $T$ is behind in fashion , I bought this sweater in Europe last winter ( except in grey )	0
And this is proof that the US is behind in fashion , I bought this sweater in $T$ last winter ( except in grey )	0
RT @ AllistairMcCaw : $T$ at 4 years of age practicing in 1997 . The year Tiger won the # masters @ JordanSpieth	0
RT @ AllistairMcCaw : Jordan Spieth at 4 years of age practicing in 1997 . The year $T$ won the # masters @ JordanSpieth	0
RT @ CoreyOrCorbin : $T$ on his visit to Athens :	0
RT @ CoreyOrCorbin : Waka Flocka Flame on his visit to $T$ :	0
RT @ thinkprogress : $T$ employees react to the ' Race Together ' campaign	0
RT @ thinkprogress : Starbucks employees react to the ' $T$ ' campaign	0
Jack and jack is TT in $T$ @ JackJackJohnson @ jackgilinsky	0
$T$ watches Hossa ' s shot sail wide in the first period	1
Ben Bishop watches $T$ ' s shot sail wide in the first period	1
RT @ timelessbae : $T$ 90s pt 2	0
The day the $T$ sank : 15 yrs on , Russia remembers ,	0
The day the Kursk sank : 15 yrs on , $T$ remembers ,	0
RT @ Zelenaakcija : . @ Credit Agricole is locking $T$ into 40 more years of fossil fuels # StopPlominC # PlominC	0
RT @ its whitney : Solid week for the $T$ .	0
RT @ iJDBsbelieber : same miley # MTVHottest $T$	0
RT @ barcastuff : Holiday pics : Bartra in wall at youth football camp in $T$ by @ perepunti	0
Enjoy the beach and the sunset in $T$	0
$T$ fans celebrate as the # USWNT takes a 5 - 2 lead on Japan . Lincoln Park photos :	0
Chicago fans celebrate as the $T$ takes a 5 - 2 lead on Japan . Lincoln Park photos :	0
Chicago fans celebrate as the # USWNT takes a 5 - 2 lead on $T$ . Lincoln Park photos :	0
Chicago fans celebrate as the # USWNT takes a 5 - 2 lead on Japan . $T$ photos :	0
$T$ Lisa Benson Radio for National Security SUNDAY at 1pm and 6pm MST @ SecureUSATalk	0
Weekends on 960 The Patriot $T$ for National Security SUNDAY at 1pm and 6pm MST @ SecureUSATalk	0
RT @ ComedyCentral : Thank you $T$ .	0
RT @ Espngreeny : This is the guy who looks like $T$ .	0
RT @ SoloNoticias1D : $T$ en el show de Argentina , hace instantes : D # Noticias1D # OneDirection # 1DenArgentina	0
RT @ SoloNoticias1D : Harry en el show de $T$ , hace instantes : D # Noticias1D # OneDirection # 1DenArgentina	0
$T$ pls married	0
RT @ Mr Phatal : At $T$ Bar and Grill @ SouthPhillyBar . . Love it need the Skins and Giants too . # FlyEaglesFly	0
$T$ looks extremely apocalyptic at the moment	0
RT @ TrooperBenKHP : Good morning $T$ !	0
$T$ be like ,	0
Way to alienate a whole lot of people all at once ! Good job , $T$ . @ cemathieson Oh for goodness sake	0
1 . @ LorraChaplin @ shinybluedress This is the transcript from a $T$ tribunal in 2013 The school is a boarding school	0
RT @ RobEngstrom : Happy Birthday $T$ .	0
Some criticism of the $T$ with a new rendering via @ Architizer	0
RT @ WTAreactions : When you remember $T$ won the US Open	0
RT @ WTAreactions : When you remember Marin Cilic won the $T$	0
$T$ is ready for Gold medal hockey . # Sochi Photos :	0
David Burnett is ready for Gold medal hockey . $T$ Photos :	0
Thanx for all your love amp support ! Hope you enjoyed # xfighters $T$ . Now off to the party .	0
He ' s always watching . $T$ at City Hall	0
He ' s always watching . Mayor Rahm at $T$	0
RT @ BuzzFeedUKPol : Shocking news about Sir $T$ :	0
The expertise of the tech reporters at $T$ is really deep .	0
RT @ thinkprogress : $T$ vehemently opposes gun - free zones , except at his hotels	0
RT @ thinkprogress : Trump vehemently opposes $T$ , except at his hotels	0
Excellent event in $T$ tonight . Hats off to Mary Brookhart for organizing a successful event . # ListeningTour	0
Excellent event in Macomb tonight . Hats off to $T$ for organizing a successful event . # ListeningTour	0
$T$ heeft minstens 3 miljard euro extra nodig ' via @ NOS	0
International movements demanding # landrights - forest rights rally in $T$ , India ( 2009 ) . The movement continues . . .	0
International movements demanding # landrights - forest rights rally in Gujarat , $T$ ( 2009 ) . The movement continues . . .	0
RT @ GlazerBooHooHoo : Sometimes I scroll through $T$ and it sounds like this	0
RT @ SportsCenter : # 3 $T$ goes down ! NC State UPSETS Florida State 17 - 16 . # FSUvsNCSU	0
RT @ SportsCenter : # 3 FSU goes down ! $T$ UPSETS Florida State 17 - 16 . # FSUvsNCSU	0
RT @ SportsCenter : # 3 FSU goes down ! NC State UPSETS $T$ 17 - 16 . # FSUvsNCSU	0
RT @ SpaceX : Falcon 9 over $T$ ( photo credit : Joffre Isturiz ) # DragonLaunch	0
RT @ SpaceX : Falcon 9 over Florida ( photo credit : $T$ ) # DragonLaunch	0
$T$ # KingsIsland	0
Famed conservationist Jane Goodall delivered an inspiring message of hope to overflow crowd in $T$ last night .	0
$T$ amp Fin Financial Group will get your business SOLD ! Partner with the financial PROS :	0
This song just reminded me so much of $T$ . # missthosedays	0
RT @ TheCIassicJams : $T$ why must you be so genius	0
RT @ liamkayy : $T$ describing the perfect girl	0
HAS $T$ CRASHED TODAY ? MUOIO AHAHAHAHAHAHAHAHAHAHAHAHAH # ItalianGP	0
A few days in $T$ , # Israel	0
A few days in Jerusalem , $T$	0
Review ! Last Panda Standing by $T$ J . Kroscozka : via @ ThisKid Erik @ StudioJJK # KidLit	0
RT @ cnni : $T$ calls for an end to the suffering of people in conflicts : @ Pontifex	0
@ FitnessMagazine The lady at $T$ REALLY wants to clean those shoes !	0
It was a pleasure to welcome the $T$ ( NDRC ) to Milton Keynes today .	0
It was a pleasure to welcome the National Development and Reform Commission ( NDRC ) to $T$ today .	0
RT @ mashable : Canadians Spock their 5 bills to honor $T$ .	0
RT @ ESPN FirstTake : $T$ got robbed but UCLA DESERVED to win that game . - @ RealSkipBayless # BruinRobbery	0
RT @ NBATV : The @ ATLHawks immortalize $T$ with this statue .	0
RT @ cule carousel : @ barcastuff $T$ double roulette vs Valencia	0
RT @ cule carousel : @ barcastuff Puyol double roulette vs $T$	0
$T$ selection . Lol !	0
IT ' S MATCH DAY ! $T$ . Missouri . 2 p . m . St . John Arena . Be there and be loud ! # GoBucks # WT3	0
IT ' S MATCH DAY ! # Buckeyes . $T$ . 2 p . m . St . John Arena . Be there and be loud ! # GoBucks # WT3	0
RT @ 2BeaWoman : New photo uploaded to $T$ # crossdressing # tgirl # shemale # sissy	0
RT @ ForeignAffairs : Why cheap oil is bad news for $T$ :	0
Purpose - built vs . Multi - purpose built : A story of $T$ vs . Ceph	0
Purpose - built vs . Multi - purpose built : A story of ScaleIO vs . $T$	0
MT @ Dave Walsh Have you explored the historic $T$ at Urrbrae ? @ UniofAdelaide	0
MT @ Dave Walsh Have you explored the historic Waite Precinct at $T$ ? @ UniofAdelaide	0
Congrats to $T$ on being crowned Miss Florida 2014 . We thank Elizabeth Fechtel and wish her the very best .	0
Congrats to Victoria Cowen on being crowned Miss Florida 2014 . We thank $T$ and wish her the very best .	0
RT @ MetsPics : Happy Birthday $T$ !	0
$T$ 6 Hudson 2 W # statetourney # 10aaa	0
Hastings 6 $T$ 2 W # statetourney # 10aaa	0
RT @ Joy997FM : $T$ calls for radical revision of land tenure systems	0
RT @ Joy997FM : GAWU calls for radical revision of $T$	0
RT @ ManUtd : Retweet for @ WayneRooney to win man of the match against $T$ . # mufc	0
RT @ ManUtd : Retweet for @ WayneRooney to win man of the match against Sunderland . $T$	0
RT @ MartinBashir : $T$ this evening : # NotAfraid	0
$T$ is all decked out to welcome in the # WJC2015 championship ! Get your tickets :	0
# FIFA2014 hair ! This style was created by the $T$ , who are based in Tel Aviv , Israel # WellaHair	0
# FIFA2014 hair ! This style was created by the Orenorkobi Artistic Team , who are based in $T$ , Israel # WellaHair	0
# FIFA2014 hair ! This style was created by the Orenorkobi Artistic Team , who are based in Tel Aviv , $T$ # WellaHair	0
RT @ ThislsAmazing : 60s $T$ girls protesting for mini skirts	0
RT @ thehill : $T$ chairman says race a major factor in the delay over Loretta Lynch vote :	0
RT @ thehill : CBC chairman says race a major factor in the delay over $T$ vote :	0
So many # elcwarriors are gathered for the $T$ with John Bevere !	0
So many # elcwarriors are gathered for the Warrior Breakfast with $T$ !	0
@ GattusoTz Everyone gets a trophy . . . $T$	0
RT @ threatintel : # vulnerability : $T$ # Apple ID Dictionary attack tool surfaces on GitHub	1
RT @ threatintel : # vulnerability : iCloud $T$ Dictionary attack tool surfaces on GitHub	1
RT @ threatintel : # vulnerability : iCloud # Apple ID Dictionary attack tool surfaces on $T$	1
RT @ ngadc : # HappyBirthday $T$ , Austrian painter born # OnThisDay in 1862 . Baby ( Cradle ) 1917 1918	0
RT @ ngadc : # HappyBirthday Gustav Klimt , Austrian painter born # OnThisDay in 1862 . Baby ( $T$ ) 1917 1918	0
@ ChesterCheetah why there is no $T$ in canada ? ? ? jus finished one pack sent frm Boston but i need more . . .	0
@ ChesterCheetah why there is no hot cheetos in $T$ ? ? ? jus finished one pack sent frm Boston but i need more . . .	0
@ ChesterCheetah why there is no hot cheetos in canada ? ? ? jus finished one pack sent frm $T$ but i need more . . .	0
RT @ craicdealers : WHEN $T$ SCORED A GOAL AND HE RAN TO NIALL I LOVE THEM SO MUCH	0
RT @ craicdealers : WHEN HARRY SCORED A GOAL AND HE RAN TO $T$ I LOVE THEM SO MUCH	0
RT @ BuzzFeedRewind : $T$ was the performer at the 1972 Super Bowl halftime show .	0
RT @ BuzzFeedRewind : Ella Fitzgerald was the performer at the 1972 $T$ halftime show .	0
# NextDayChi : Summer ' s coming fast . Shooting hoops in $T$ the day after a 16yo died	1
Please welcome $T$ to the City ! Ann started as an office assistant last month .	0
Please welcome Ann Meyerhoff to the City ! $T$ started as an office assistant last month .	0
RT @ MexicoEsMagico : $T$ Jalisco .	0
RT @ MexicoEsMagico : Puerto Vallarta $T$ .	0
RT @ artsy : Happy Birthday to $T$ , born on this day in 1594 :	0
Another warm evening for baseball in $T$ . @ PIX11News	0
Who is going to finish 7th overall - $T$ or Korea ? Watch live at	0
Who is going to finish 7th overall - Sweden or $T$ ? Watch live at	0
$T$ lives ! - Currently adorning Cambridge infrastructure	0
Margritte lives ! - Currently adorning $T$ infrastructure	0
RT @ MrJemedari : @ LeViyerrah : Please help find Dennis he has been $T$ since friday . Here ' s his picture Lol !	0
RT @ PJPartington : Canadian and $T$ GHG emissions relative to various base years # cdnpoli	0
RT @ PJPartington : Canadian and US $T$ emissions relative to various base years # cdnpoli	0
Follow the flower , this way to $T$ bag check	0
Project manager $T$ , brother of owner John , explaining that the house will start to move at 1 p . m .	0
Project manager Mark Jansheski , brother of owner $T$ , explaining that the house will start to move at 1 p . m .	0
RT @ Slate : How to spot Jeff Goldblum in $T$ :	0
RT @ BeforeFootball : Throwback to when Colonel Gaddafi was linked with buying $T$	0
RT @ kyle2lamb : Congrats to $T$ and @ KatherineWebb eminem is also shocked by this	0
RT @ CreativeReview : $T$ 2015 : The winners and some reflections	0
RT @ TumbIrsPosts : $T$ died when they stopped doing this	0
RT @ AlbeGeldenhuys : Just arrived , our new $T$ Ketone body toner drink	0
RT @ AlbeGeldenhuys : Just arrived , our new CLA $T$ body toner drink	0
RT @ Earthlmages : Train station , $T$	0
@ Hollyholm defeats $T$ via G752	0
RT @ terrifyingposts : The $T$ movie looks terrifying	0
RT @ rtyourcrushes : $T$	0
RT @ taylorswift13 : Finding wings in $T$ .	0
RT @ TCEuk : How the war in $T$ finds its roots in climate change	0
RT @ VanityFair : The $T$ gave Robin Williams a loving tribute this weekend .	0
RT @ VanityFair : The Disney Channel gave $T$ a loving tribute this weekend .	0
RT @ Interpreter Mag : Ukrainian Site Marks Time Since $T$ Has Been Missing	0
Save 75 off on selected cookware set . Today Only at $T$ !	0
RT @ winnazworld : WE ARE WINNAZ - a big shout out from the WINNAZ production team in $T$ ! # wearewinnaz	0
RT @ CoachellaFSHN : $T$	0
RT @ UnivEventsIU : Seen backstage before the installation of @ IUSoutheast Chancellor $T$ # IUSInstallation	0
RT @ mjfoster83 : And we got a logo ! $T$ at # NACIS2014	0
RT @ OU Football : Training inside $T$ today . # OUDNA	0
New book edited by former postdoc $T$ : Molecular Mechanisms of Plant Adaptation	0
New book edited by former postdoc Roosa Laitinen : $T$	0
@ BipolarBlogger my # letterstodaniel memoir about bp disorder got a 4 week run at the $T$ in Lou , KY	0
@ BipolarBlogger my # letterstodaniel memoir about bp disorder got a 4 week run at the Alley Theater in $T$ , KY	0
@ BipolarBlogger my # letterstodaniel memoir about bp disorder got a 4 week run at the Alley Theater in Lou , $T$	0
RT @ ToniKroos : Come on $T$ !	0
Russia - Homophobic ideologue $T$ fears that transgender will lead to transhuman	0
RT @ MTVteenwolf : $T$ says type faster . @ DSprayberry	0
Let us always meet each other with smile , for the smile is the beginning of love . $T$ # Smile # Love	0
Teamwork at $T$ , Mahajanga : surgeons , anethetists nurses adapt # WHOChecklist # Lifebox @ MercyShipsUK	0
Teamwork at Lutheran Hospital , $T$ : surgeons , anethetists nurses adapt # WHOChecklist # Lifebox @ MercyShipsUK	0
RT @ Lakers : $T$ snag the # 2 pick in the 2015 NBADraft ! ! # LakersDraft	0
RT @ Lakers : The Lakers snag the # 2 pick in the 2015 $T$ ! ! # LakersDraft	0
$T$ lifts poor farmers from poverty , saves lives @ mark lynas @ NYTimes	0
RT @ Zweder Masters : After a wild Saturday night , $T$ was dropped off at home by her knights in shining armour .	0
RT @ GreatOldPics : $T$ and his therapist . Happiness in intelligent people is the rarest thing I know .	0
$T$ was pretty sick today . Freshies and nobody to track it out	0
RT @ iStay4Selena : $T$ talking about Demi .	0
RT @ iStay4Selena : Selena talking about $T$ .	0
RT @ MODSUN : hey I ' m $T$ . I ' m in Italy right now .	0
RT @ MODSUN : hey I ' m Mod . I ' m in $T$ right now .	0
RT @ GaryGJohnson : vim users get ready to accidentally power down your new $T$ every 5 seconds	0
Thank you to everyone who came out to the # LeducTransit launch . We look forward to serving the $T$ region !	0
. @ FDiLella talks to $T$ and Emilio Estefan about their new Broadway musical On Your Feet .	0
. @ FDiLella talks to Gloria and $T$ about their new Broadway musical On Your Feet .	0
. @ FDiLella talks to Gloria and Emilio Estefan about their new $T$ musical On Your Feet .	0
. @ FDiLella talks to Gloria and Emilio Estefan about their new Broadway musical $T$ .	0
RT @ HistoryInPics : Parking at the $T$ . 1914 .	0
RT @ AlexHortonTX : ISIS supporters talking $T$ . Twitter has reached the singularity	0
RT @ AlexHortonTX : ISIS supporters talking Robin Williams . $T$ has reached the singularity	0
$T$ authorities seek home invasion suspect who fondled woman in shower	0
RT @ SheilaGCraft : We just landed in $T$ ! We miss you @ ElevateLC We look forward to this weekend !	0
RT @ WesleyLowery : Donald Trump burst through the wall of the # votersfirst forum , secures victory as $T$ nominee	0
RT @ Mascherano : Ya tenemos la Foto Oficial . Vamos $T$ ! ! ! ! ! !	0
RT @ TaiQuonLee : $T$ : Ma , I want Mimi amp Eva to move w us to LA . Joseline : # LHHATL	0
RT @ TaiQuonLee : Stevie : Ma , I want $T$ amp Eva to move w us to LA . Joseline : # LHHATL	0
RT @ TaiQuonLee : Stevie : Ma , I want Mimi amp $T$ to move w us to LA . Joseline : # LHHATL	0
RT @ TaiQuonLee : Stevie : Ma , I want Mimi amp Eva to move w us to $T$ . Joseline : # LHHATL	0
RT @ TaiQuonLee : Stevie : Ma , I want Mimi amp Eva to move w us to LA . $T$ : # LHHATL	0
No eyes that have seen beauty ever lose their sight - $T$ @ Lauren White88 :	0
I am $T$ and I am 7 weeks old	0
The # Spartans are on the court for open practice in $T$ . My stories from # FinalFour on @ FOX2News at 5 amp 6	0
BOOK GIVEAWAY ! $T$ : The Clintons vs . The Obamas by Edward Klein . . . LAST CHANCE ! !	0
BOOK GIVEAWAY ! Blood Feud : $T$ vs . The Obamas by Edward Klein . . . LAST CHANCE ! !	0
BOOK GIVEAWAY ! Blood Feud : The Clintons vs . $T$ by Edward Klein . . . LAST CHANCE ! !	0
BOOK GIVEAWAY ! Blood Feud : The Clintons vs . The Obamas by $T$ . . . LAST CHANCE ! !	0
RT @ OlivierAwards : ON THIS DAY in 1987 , $T$ died . He won an incredible 8 @ TheTonyAwards for his choreography .	0
RT @ tetratrak : Demonstrating tetratrak with @ MJBAnet at the CCC show in $T$	0
Thank you @ halbertsma amp $T$ for your inspiring talks !	0
RT @ desusnice : $T$ fed up with # TeamNatural	0
RT @ SenTedCruz : Congratulations to @ netanyahu . He has been an extraordinary leader for $T$ . # IsraelElections	0
RT @ HistoricalPics : $T$ soldier helping a boy cross the new Berlin Wall , to reunite with his family . 1961	0
RT @ HistoricalPics : East German soldier helping a boy cross the new $T$ , to reunite with his family . 1961	0
Turns out , neither of these footprints belongs to $T$ .	0
calling out one instagram ad at a time . save this one for fall , $T$ .	0
RT @ kookienea : $T$ , is it right to lie down in a bowling alley ? : )	0
RT @ barcastuff : Picture : $T$ thrown in the air by players	0
This pic gets me so hyped and gives me the chills ! Senior $T$ , paying RESPECT # PrincetonPride	0
RT @ mydaughtersarmy : $T$ , Whose fears are unfounded ? # gunsense	0
F . T . McKinstry is a master of this genre . $T$ # epicfantasy # novelseries	0
Ouch , $T$ . Sex toy ads showing up for the search term toys . . . Danish example attached :	0
Fancy $T$ in Koh Samui this year ?	0
Fancy Xmas in $T$ this year ?	0
Spruce up the yard and spread the word at the same time . @ VoteLorena Get yours at $T$ in Chula Vista	0
Spruce up the yard and spread the word at the same time . @ VoteLorena Get yours at 590 Park Way in $T$	0
RT @ chanelpuke : $T$ and I have the same outfit	0
RT @ AFP : Military power compared : $T$ , China , South Korea , India , Russia and the United States ,	0
RT @ AFP : Military power compared : Japan , $T$ , South Korea , India , Russia and the United States ,	0
RT @ AFP : Military power compared : Japan , China , $T$ , India , Russia and the United States ,	0
RT @ AFP : Military power compared : Japan , China , South Korea , $T$ , Russia and the United States ,	0
RT @ AFP : Military power compared : Japan , China , South Korea , India , $T$ and the United States ,	0
RT @ AFP : Military power compared : Japan , China , South Korea , India , Russia and the $T$ ,	0
$T$ in Helsinki . 1 . 5 million visitors every year . Beautiful piece of art and culture . Perfect atmosphere .	0
Kaisa Library in $T$ . 1 . 5 million visitors every year . Beautiful piece of art and culture . Perfect atmosphere .	0
Great way to spend lunch - - $T$ got another award !	0
Life of the $T$ in Sabah . Beautiful photo by Alex Goh # MalaysiaTrulyAsia # MyFest2015 # VisitSabah # ttot	0
Life of the Sea Bajau in $T$ . Beautiful photo by Alex Goh # MalaysiaTrulyAsia # MyFest2015 # VisitSabah # ttot	0
Life of the Sea Bajau in Sabah . Beautiful photo by $T$ # MalaysiaTrulyAsia # MyFest2015 # VisitSabah # ttot	0
RT @ faithomatic : Found dog at $T$ . # Riverdale # DogsTO	0
RT @ JohnFugelsang : $T$ amp Hemingway . Good morning .	0
RT @ JohnFugelsang : Spencer Tracy amp $T$ . Good morning .	0
RT @ JohnsonCOIAGOP : @ millermeeks announcing $T$ candidacy at Johnson Co GOP meeting	0
RT @ JohnsonCOIAGOP : @ millermeeks announcing # IA2 candidacy at $T$ meeting	0
NEW : $T$ and # Retro Creations by Chris McVeigh	0
NEW : # Lego Televisions and $T$ by Chris McVeigh	0
NEW : # Lego Televisions and # Retro Creations by $T$	0
$T$ is still around . Expected to become post - tropical tomorrow . @ PIX11News	0
@ canterburyasia $T$ boys from the @ junglecrows looking very smart of to # Nagpur . # IndianRugby @ asianrugbyFU goodluck .	0
@ canterburyasia U19 boys from the @ junglecrows looking very smart of to $T$ . # IndianRugby @ asianrugbyFU goodluck .	0
Congrats to $T$ on being named the next Commissioner of # MLB . I think he is an excellent choice .	0
Congrats to Rob Manfred on being named the next Commissioner of $T$ . I think he is an excellent choice .	0
Rise and shine at $T$	0
$T$ editor Andrew Kiraly is ready to pick some raffle winners !	0
$T$ talks about her journey to 50 bringing humility , curiosity and laughter with her .	0
# Writing is an obsessive - compulsive disorder . $T$ # amwriting	0
RT @ thewonderwheel : $T$ as Han Solo ? Yes , please ! # SDCC	0
RT @ thewonderwheel : Bill Murray as $T$ ? Yes , please ! # SDCC	0
RT @ thewonderwheel : Bill Murray as Han Solo ? Yes , please ! $T$	0
$T$ today called for an end to life - without - parole sentences for kids Via @ theCFSY # EndJLWOP	0
RT @ definebabe : $T$ Summer @ MsIndiaSummer pics gallery from # AllGirlMassage # Babes # Lingerie	0
When u too cheap for $T$	0
$T$ , Keynote Speaker . . . extraordinary !	0
RT @ Sustainable2050 : 100 wind ( dark blue ) and solar ( yellow ) electricity for $T$ , yesterday !	0
$T$ evens the score at 1 - 1 against Corey Crawford in the second period . # Blackhawks	0
Filppula evens the score at 1 - 1 against $T$ in the second period . # Blackhawks	0
RT @ ComplexMag : $T$ will receive the Video Vanguard Award at the 2015 MTV VMAs :	0
RT @ ComplexMag : Kanye West will receive the $T$ at the 2015 MTV VMAs :	0
RT @ ComplexMag : Kanye West will receive the Video Vanguard Award at the 2015 $T$ :	0
RT @ dysondoc : The new $T$ book is a bit dark .	0
All # artists , if they are to survive , are forced , at last , to tell the whole story to vomit the anguish up . $T$	0
Goal Rapids . $T$ puts the burgundy 1 - 0 up on 84 minutes ! ! !	0
RT @ r ssewa : President of $T$ - should continue with globalisation of solidarity - # gpedc # GPHLM @ CSOPartnership	0
RT @ NLNavyNews : Parade and naval review in $T$ for the 40th jubilee of reign of Queen Wilhelmina # OTD 1938 @ koninklijkhuis	0
RT @ NLNavyNews : Parade and naval review in Scheveningen for the 40th jubilee of reign of $T$ # OTD 1938 @ koninklijkhuis	0
$T$ capitalized on resource extraction with genuine savings # businesshumanitarianforum	0
Why not $T$ 914 258 2496	0
RT @ darrenrovell : Huge $T$ champagne ad in Times Square	0
RT @ darrenrovell : Huge Roger Federer champagne ad in $T$	0
RT @ Mr BQC : $T$ will understand the amount of greatness in these pictures	0
@ Independent : $T$ likens jokes about her age to racism : lt - - # disnigga lt - # HerWordNotMine	0
RT @ davidcommon : RIP $T$	0
Why @ Amnesty International adopted a policy on treatment of sex - workers yesterday in $T$ , Ire . # HumanRights	0
Rehearsal for $T$ tomorrow SVMS Dare2BReal @ lakesmpls @ elimickelson amp @ Juliebascom	0
RT @ cnni : May the force be with $T$ ' s awesome new Star Wars airplane :	0
RT @ cnni : May the force be with ANA ' s awesome new $T$ airplane :	0
RT @ EasterEggsTV : If $T$ had been set in the U . K .	0
RT @ nytimes : $T$ mandates vaccines for schoolchildren	0
RT @ drfc official : WHO ARE $T$ ? : Richie Wellens slots home the winning penalty against @ LUFC . # DRFC	0
RT @ drfc official : WHO ARE YA ? : $T$ slots home the winning penalty against @ LUFC . # DRFC	0
RT @ drfc official : WHO ARE YA ? : Richie Wellens slots home the winning penalty against @ LUFC . $T$	0
Interesting fishing photography by $T$	0
A sunny , gorgeous day , nil winds , big smiles for $T$ on 47th Birthday . Come celebrate w us ! 25 off passes .	0
# Breaking Possible break in the # FreewayShootings case . $T$ says one person being questioned . @ 960ThePatriot News	1
RT @ HockeyAlberta : $T$ Captain Joe Colborne speaking to the players in attendance ! # CWG	0
RT @ HockeyAlberta : Team Alberta Male Honourary Captain $T$ speaking to the players in attendance ! # CWG	0
RT @ HockeyAlberta : Team Alberta Male Honourary Captain Joe Colborne speaking to the players in attendance ! $T$	0
Happy 4th , $T$ ! Photos from Corte Madera - Larkspur Patade # 4thofjuly # Marin # marclevine	0
Happy 4th , Marin ! Photos from $T$ # 4thofjuly # Marin # marclevine	0
Happy 4th , Marin ! Photos from Corte Madera - Larkspur Patade # 4thofjuly $T$ # marclevine	0
RT @ TheWorldStories : R . I . P $T$	0
RT @ VeraWangGang : My adorable daughter $T$ in her first bikini ! xx Vera # tbt	0
RT @ SoSoGay : $T$ at Pride in London : An open letter	0
RT @ SoSoGay : UKIP at Pride in $T$ : An open letter	0
RT @ businessinsider : $T$ is gearing up for a major expansion in Asia	0
RT @ businessinsider : News Corp is gearing up for a major expansion in $T$	0
RT @ sesamestreet : We mourn the loss of our friend $T$ , who always made us laugh and smile .	0
RT @ SoSoGay : You Should Know About : I Am $T$	0
RT @ WorIdView : Baby Turtle Swimming , $T$	0
RT @ journalismnews : Interesting infographic from @ magvault based on research into digital magazines in the $T$ :	0
RT @ SportsNation : BREAKING : $T$ has opted out of his contract with the Miami Heat . NBA teams are going nuts .	1
RT @ SportsNation : BREAKING : LeBron James has opted out of his contract with the $T$ . NBA teams are going nuts .	1
RT @ SportsNation : BREAKING : LeBron James has opted out of his contract with the Miami Heat . $T$ teams are going nuts .	1
RT @ ThislsAmazing : Bombing of $T$ in World War II	1
RT @ ThislsAmazing : Bombing of Romania in $T$	1
RT @ SportsTalkwBo : Love that $T$ showed up at post game presser in uniform . Wants to keep his jersey .	0
RT @ 5SOS : $T$	0
RT @ WizardWeather : The village of $T$ , in the Loire Valley of southern France	0
RT @ WizardWeather : The village of Chenonceaux , in the $T$ of southern France	0
RT @ WizardWeather : The village of Chenonceaux , in the Loire Valley of southern $T$	0
RT @ TheFunnyTeens : My mood is either $T$ or her boyfriend	0
RT @ thepopularapps : # Popular # App : Knowledge 2 . 0 by $T$	0
RT @ ChiTribPhoto : A member of the audience shouts at $T$ during a public hearing of the city budget # Chicago # mayor	0
RT @ ChiTribPhoto : A member of the audience shouts at Mayor Rahm Emanuel during a public hearing of the city budget # Chicago $T$	0
RT @ northcoastevent : $T$ off the North Coast early this morning Copyright Joe Beattie @ DiscoverIreland @ DiscoverNI # NorthernLights h . . .	0
RT @ northcoastevent : # Aurora off the $T$ early this morning Copyright Joe Beattie @ DiscoverIreland @ DiscoverNI # NorthernLights h . . .	0
RT @ northcoastevent : # Aurora off the North Coast early this morning Copyright $T$ @ DiscoverIreland @ DiscoverNI # NorthernLights h . . .	0
Four generations of Hayes lived on this block where $T$ , 27 , was killed . # NextDayChi :	1
RT @ CoachellaFSHN : $T$	0
RT @ Northernjournal : $T$ Elders Parliament votes for freeze on fracking - Northern Journal -	0
RT @ Northernjournal : NWT $T$ votes for freeze on fracking - Northern Journal -	0
RT @ Northernjournal : NWT Elders Parliament votes for freeze on fracking - $T$ -	0
@ Noahswater now accusing folks of lying . In other news , $T$ loves his new job in their PR dept ! !	0
Cliffs of the $T$	0
Looking forward to 24 Hours of Television by $T$ , David Tompkins , Joseph Hung , amp . ( Sleeper Films ) .	0
Looking forward to 24 Hours of Television by Matthew Day Jackson , $T$ , Joseph Hung , amp . ( Sleeper Films ) .	0
Looking forward to 24 Hours of Television by Matthew Day Jackson , David Tompkins , $T$ , amp . ( Sleeper Films ) .	0
RT @ travel : $T$	0
RT @ wgdunlop : $T$ tourism ministry statement saying it has eased entry procedures for tourist groups .	0
RT @ 90sfootball : $T$ playing for both Real Madrid and Barcelona in the 90s .	0
RT @ 90sfootball : Gheorghe Hagi playing for both $T$ and Barcelona in the 90s .	0
New shop serves up $T$ waffles amp ice cream via @ blogto	0
RT @ drkent : $T$ , London by Deirdre Hayes @ Cynthiapoet @ DrEdwardG @ DonRamer @ Akanshagautam # WeAreAlive	0
RT @ drkent : Tower Bridge , $T$ by Deirdre Hayes @ Cynthiapoet @ DrEdwardG @ DonRamer @ Akanshagautam # WeAreAlive	0
RT @ drkent : Tower Bridge , London by $T$ @ Cynthiapoet @ DrEdwardG @ DonRamer @ Akanshagautam # WeAreAlive	0
RT @ EASPORTSNBA : The @ Raptors should probably wear those @ Drake alternates in $T$ this season . . . # JustSaying	0
RT @ KardashianReact : I am literally $T$	0
Incoming $T$ Archbishop Blase Cupich speaks at Holy Name Cathedral	0
Incoming Chicago $T$ speaks at Holy Name Cathedral	0
Incoming Chicago Archbishop Blase Cupich speaks at $T$	0
RT @ DaveThomasStyle : GENTLEMAN - $T$ X JBH featured in @ FlauntMagazine @ LoveGoldLive @ morrisonsall @ JonathanValdez @ JasonofBH . . .	0
RT @ DaveThomasStyle : GENTLEMAN - David Thomas X $T$ featured in @ FlauntMagazine @ LoveGoldLive @ morrisonsall @ JonathanValdez @ JasonofBH . . .	0
RT @ barstoolsports : Live Look at $T$	0
RT @ SMTOWNGLOBAL : SMTOWN $T$ KRIS amp SU HO amp U - Know right before show time ! The show will begin soon !	0
RT @ SMTOWNGLOBAL : SMTOWN BANGKOK $T$ amp SU HO amp U - Know right before show time ! The show will begin soon !	0
RT @ SMTOWNGLOBAL : SMTOWN BANGKOK KRIS amp $T$ amp U - Know right before show time ! The show will begin soon !	0
RT @ SMTOWNGLOBAL : SMTOWN BANGKOK KRIS amp SU HO amp $T$ right before show time ! The show will begin soon !	0
Severe t - storm warning in effect for $T$ and Somerset Counties through 4pm . 60 mph gusts possible . @ PIX11News	0
Severe t - storm warning in effect for Morris and $T$ Counties through 4pm . 60 mph gusts possible . @ PIX11News	0
Studying at the $T$ gt studying at the UGL # DCperks # senioritis # BeautifulCity # history	0
Studying at the Library of Congress gt studying at the $T$ # DCperks # senioritis # BeautifulCity # history	0
RT @ Whataburger : $T$ sandwich is as close to perfect as food gets	0
RT @ PaddyBriggs : Brilliant - sign at $T$ .	0
Photo from @ GeorgesMalaika School for Girls , $T$ : # tbt	0
RT @ GolfyReseau : $T$ When you see it . . .	0
RT @ TMZ : Huge Muslim organization offers sensitivity training to $T$ after prayer penalty	0
RT @ PzFeed : JUST IN : NYPD offers 5 , 000 reward for suspect who painted white American Flags atop $T$ .	0
RT @ citizentvkenya : $T$ and First Lady Margaret Kenyatta arrive for # NyaathasBeatification	0
RT @ citizentvkenya : President Kenyatta and First Lady $T$ arrive for # NyaathasBeatification	0
RT @ clarissGn : Morning light , $T$ , 1931 . By Imre kinszki .	0
RT @ clarissGn : Morning light , Budapest , 1931 . By $T$ .	0
RT @ jamesdenselow : Martti Ahtisaari $T$ Winner @ TheElders is # WithSyria	0
RT @ SoSoGay : Shame in $T$ as police clear Pride with tear gas and water cannon	0
$T$ # London	0
British Library $T$	0
In what we think of as bad dialogue , the characters talk directly to each other . $T$ # amwriting # writing	0
RT @ MediaEasterEggs : The voice actors of $T$ and Minnie Mouse from the 1930s got married in real life	0
RT @ MediaEasterEggs : The voice actors of Mickey Mouse and $T$ from the 1930s got married in real life	0
$T$ Comments .	0
RT @ HistoryInPix : $T$ during high school	0
RT @ lionsofficial : The @ lionsofficial squad who will do battle in $T$ amp Australia . Go Lions ! # lionstour	0
RT @ lionsofficial : The @ lionsofficial squad who will do battle in Hong Kong amp $T$ . Go Lions ! # lionstour	0
RT @ Matt CPFC : $T$ was loving it . # cpfc	0
RT @ Matt CPFC : Neil was loving it . $T$	0
@ shocklidge $T$ season 3 - catch up ! !	0
Master of magic , god of war , $T$ wanders alone . # scifi # shortstory	0
RT @ mandy1965 : @ laura scfc night $T$ ! ! I leave u with this .	0
@ bbc5live : I think $T$ failed viewers and players on uniform colors chelsea Schalke . it looked like	0
RT @ NeedToCare : $T$ has been waiting to be adopted for 2 YEARS ! Could U offer her a home ? Pls RT . . .	0
RT @ Pac12Networks : We may have lost $T$ five years ago today , but his words live on forever .	0
RT @ F1 : $T$ : Wow , look at this . This says it all . Grazie , tifosi ! # ItalianGP # GPItalia # ForzaF1 # F1	0
RT @ F1 : VETTEL : Wow , look at this . This says it all . Grazie , tifosi ! # ItalianGP # GPItalia # ForzaF1 $T$	0
Just a heads up some light showers are being reported across the $T$ , NNJ , LI , and S . CT . @ PIX11News	0
Just a heads up some light showers are being reported across the Lower Hudson , $T$ , LI , and S . CT . @ PIX11News	0
Just a heads up some light showers are being reported across the Lower Hudson , NNJ , $T$ , and S . CT . @ PIX11News	0
RT @ Emeril : $T$ at NOCCA dinner # emerilorg # dessert	0
RT @ Emeril : Pecan Madeleines at $T$ dinner # emerilorg # dessert	0
RT @ DaveedGR : Frankly , a $T$ who kills the president deserves to be criticized .	0
RT @ Cpin42 : We won , $T$ . We finally fucking won .	0
RT @ Nike : Introducing $T$ . Your Ultimate Sneaker Shop :	0
Lights , Camera , $T$ ! Take part in # COP21 # youth video contest : # ClimateChange # Action2015	0
RT @ qz : You know what $T$ needs right now ? Its third nationwide vote in eight months	0
RT @ nytimes : Take a peek at the rent - a - foreigner industry in $T$	0
We are live from # EMCWORLD ! EMCii CEO $T$ takes the stage with this message : Our world is changing	0
RT @ BuzzFeed : There ' s An Actual $T$ Being Built And It Looks Totally Identical	0
RT @ wbaltv11 : Trending : $T$ warns US : Worse is coming	0
RT @ wbaltv11 : Trending : North Korea warns $T$ : Worse is coming	0
RT @ ForTheMen : RT if you wish they were announcing the $T$	0
RT @ bestpicsofnialI : $T$ with fans yesterday !	0
RT @ yanelisKID : $T$ is winning so hard	0
Heading north and west tomorrow ? Showers are possible in the $T$ for Saturday . @ PIX11News	0
RT @ EnglishRussia1 : We better stay home . $T$ , Russia	0
RT @ EnglishRussia1 : We better stay home . Vladivostok , $T$	0
Happy $T$ , Finland ! # proudtobeafinn	0
Happy Independence day , $T$ ! # proudtobeafinn	0
$T$ is flooding !	0
RT @ ShiCooks : That it will never come again is what makes life so sweet $T$ # QOTD RT @ katiecouric	0
RT @ ShiCooks : That it will never come again is what makes life so sweet Emily Dickinson $T$ RT @ katiecouric	0
$T$ got skills . . . . serious skills .	0
Our boy $T$ . Never been in a fight , never been aggressive . Its how you raise them . # rottweilers # CherishThem	0
RT @ BaukeMollema : Lovely 4h $T$ ride around the Lauwersmeer . Enjoy these days !	0
RT @ BaukeMollema : Lovely 4h X - mas ride around the $T$ . Enjoy these days !	0
RT @ funnytwittingg : $T$ TO ISRAEL ? OBAMA TO UKRAINE ? OBAMA TO USA ?	0
RT @ funnytwittingg : OBAMA TO $T$ ? OBAMA TO UKRAINE ? OBAMA TO USA ?	0
RT @ funnytwittingg : OBAMA TO ISRAEL ? $T$ TO UKRAINE ? OBAMA TO USA ?	0
RT @ funnytwittingg : OBAMA TO ISRAEL ? OBAMA TO $T$ ? OBAMA TO USA ?	0
RT @ funnytwittingg : OBAMA TO ISRAEL ? OBAMA TO UKRAINE ? $T$ TO USA ?	0
RT @ funnytwittingg : OBAMA TO ISRAEL ? OBAMA TO UKRAINE ? OBAMA TO $T$ ?	0
@ CSSKodiaks have arrived at $T$ for big state championship ! Good luck team !	0
@ CorOfTheSUN Hi $T$ ! Busy multitasking Tuesday in NYC ! Doing well ! Same to you ! Enjoying indoor Spring blossoms ! D1291	0
@ CorOfTheSUN Hi Johnny ! Busy multitasking Tuesday in $T$ ! Doing well ! Same to you ! Enjoying indoor Spring blossoms ! D1291	0
@ JihadistJoe from the dorm of $T$ students supporting Morsi in egypt	0
@ JihadistJoe from the dorm of Islamist students supporting $T$ in egypt	0
@ JihadistJoe from the dorm of Islamist students supporting Morsi in $T$	0
RT @ MarthaStewart : My birthday rainbow over my Skylands home in $T$ . I hope it was a sign of everything good	0
RT @ kpopers family : $T$ for Vogue Korea	0
RT @ kpopers family : BTOB Sungjae for $T$	0
RT @ SportsCenter : Kings of $T$ . Rangers clinch Presidents ' Trophy with 4 - 2 win over Devils .	0
RT @ SportsCenter : Kings of New York . $T$ clinch Presidents ' Trophy with 4 - 2 win over Devils .	0
RT @ SportsCenter : Kings of New York . Rangers clinch Presidents ' Trophy with 4 - 2 win over $T$ .	0
$T$ kicks a puck away from Palat to win a first period face - off . # Blackhawks blog :	0
Marcus Kruger kicks a puck away from $T$ to win a first period face - off . # Blackhawks blog :	0
Marcus Kruger kicks a puck away from Palat to win a first period face - off . $T$ blog :	0
RT @ CBCNews : Mastodons disappeared from $T$ before humans arrived : study	0
Rest Peacefully $T$ The World Has Lost A Great Treasure	0
RT @ TSBible : $T$ ' s Tom Youngs amp Northampton ' s Salesi Ma ' afu tweets ' after fighting each other on the rugby pitch yesterday !	0
RT @ TSBible : Leicester ' s $T$ amp Northampton ' s Salesi Ma ' afu tweets ' after fighting each other on the rugby pitch yesterday !	0
RT @ TSBible : Leicester ' s Tom Youngs amp $T$ ' s Salesi Ma ' afu tweets ' after fighting each other on the rugby pitch yesterday !	0
RT @ TSBible : Leicester ' s Tom Youngs amp Northampton ' s $T$ Ma ' afu tweets ' after fighting each other on the rugby pitch yesterday !	0
RT @ abtran : $T$ has a long history of putting the wrong people on their covers , as illustrated here :	0
RT @ OneWorld Race : $T$ matches dad ' s best qualifying result in only second race	0
RT @ JillBidenVeep : The entire episode could have been an hour of this and I would have been happy $T$ @ MadMen AMC	0
@ PierceTheFresno $T$ and Sarah : D	0
@ PierceTheFresno # Darah Dan and $T$ : D	0
RT @ redbullESPORTS : $T$ is stoked for # NWM7 Melee Grand Finals .	0
RT @ redbullESPORTS : Smash Shiba is stoked for # NWM7 $T$ .	0
$T$ , going in for the kill .	0
RT @ andrea 4520 : Sunshine . . . by $T$	0
RT @ photocutes : $T$ , France	0
RT @ photocutes : Corse , $T$	0
RT @ sranysovok : - $T$ , we happy ? - Yeah , we happy	0
At $T$ in a camouflage vest and sequin shorts the size of underpants . Oh well . .	0
RT @ RodneyTIT : $T$ would of been proud of this veteran ! # TopGrandad	0
RT @ ohlolita : $T$ # 2 .	0
RT @ maijapalmer : The best take so far on today s $T$ story RT @ QuantumPirate : I missed an Amazon drone delivery .	0
RT @ maijapalmer : The best take so far on today s Amazon story RT @ QuantumPirate : I missed an $T$ drone delivery .	0
$T$ today , forgleams of # summer . Still on a high from playing 3hrs Romantic Classics @ thefoweyhotel last night	0
# Newquay today , forgleams of # summer . Still on a high from playing 3hrs $T$ @ thefoweyhotel last night	0
Our joint mission to $T$ shows the importance attached to the # refugee situation cooperation in general	0
$T$ and Bob Collier , plaintiffs in the landmark suit , together since 1963 and married since 2013 in NY .	0
Chuck Hunziker and $T$ , plaintiffs in the landmark suit , together since 1963 and married since 2013 in NY .	0
Chuck Hunziker and Bob Collier , plaintiffs in the landmark suit , together since 1963 and married since 2013 in $T$ .	0
RT @ ESPNCFB : Maty Mauk led the $T$ to a 3 - 1 record while improving his QBR in each of his 4 starts .	0
RT @ alikrieger : Thank you $T$ for a fun day at the # KidsChoiceSports Awards !	0
Hushed conversations continue before $T$ unveils changes to # heroin bill . # kyga15	0
Hushed conversations continue before House unveils changes to $T$ bill . # kyga15	0
$T$ where ppl in the know go to explore heart amp history of # Lisbon # Portugal Look out for my post tmw !	0
Mouraria where $T$ in the know go to explore heart amp history of # Lisbon # Portugal Look out for my post tmw !	0
Mouraria where ppl in the know go to explore heart amp history of $T$ # Portugal Look out for my post tmw !	0
Mouraria where ppl in the know go to explore heart amp history of # Lisbon $T$ Look out for my post tmw !	0
Morning comes whether you set the alarm or not . $T$ # amwriting # writing	0
# TBLightning $T$ celebrates his game - winning goal to beat the # Blackhawks	0
# TBLightning Jason Garrison celebrates his game - winning goal to beat the $T$	0
@ noOrdinaryLove4 Hey $T$ Check out this Event for the Marines !	0
@ noOrdinaryLove4 Hey Andrea Check out this Event for the $T$ !	0
Top 10 Amazing Outdoor Museums in $T$ via @ themuseumtimes # travel # ttot # photography	0
Can you restore your files in just a few minutes ? $T$ can with @ EMCProtectData !	0
Swedish game $T$ bought by Microsoft - Mojang AB got 2 , 5 BUSD ! Notchs is happy ! @ SwedeninHR	0
Swedish game Minecraft bought by $T$ - Mojang AB got 2 , 5 BUSD ! Notchs is happy ! @ SwedeninHR	0
Swedish game Minecraft bought by Microsoft - $T$ got 2 , 5 BUSD ! Notchs is happy ! @ SwedeninHR	0
Watchin $T$ when the beautiful @ niccigilbert was on there .	0
RT @ T twitt : $T$ and the girls	0
Minds are like flowers . If you let it sit there without soaking anything up , it will dry up . $T$ # amwriting	0
RT @ NITV : $T$ celebrates Indigenous round	0
RT @ MrRedMartian : Yea $T$ bout to end Meek career .	0
RT @ MrRedMartian : Yea Drake bout to end $T$ career .	0
WX UPDATE : Tree and wires down on $T$ in Shrewsbury . # Fox25Storms	0
WX UPDATE : Tree and wires down on Walnut St in $T$ . # Fox25Storms	0
RT @ MixedNutsBSR : # NowPlaying $T$ ' s exclusive interview with Set It Off ! Tune in to right now !	0
RT @ JustinKing224 : Hey kid , how many times has $T$ beaten Clemson in a row ?	0
RT @ JustinKing224 : Hey kid , how many times has South Carolina beaten $T$ in a row ?	0
$T$ onthult vlaggenschip CT6	0
Cadillac onthult vlaggenschip $T$	0
RT @ ValaAfshar : U . S . states renamed as countries with similar $T$	0
RT @ DiscoverCanada : $T$ from rock pile Canadian Rockies	0
RT @ DiscoverCanada : Moraine Lake from rock pile $T$	0
$T$ central bank governor describes post - sanction challenges in rare itvw @ FT via @ borzou	0
RT @ Scene360 : $T$ showing his skills with a parallel calligraphy pen .	0
$T$ bags seen at the Penang Camera Museum . # MyFest2015 # MalaysiaTrulyAsia # Penang # Malaysia # ttot	0
Instagram bags seen at the $T$ . # MyFest2015 # MalaysiaTrulyAsia # Penang # Malaysia # ttot	0
Instagram bags seen at the Penang Camera Museum . # MyFest2015 # MalaysiaTrulyAsia $T$ # Malaysia # ttot	0
Instagram bags seen at the Penang Camera Museum . # MyFest2015 # MalaysiaTrulyAsia # Penang $T$ # ttot	0
RT @ Colts : $T$ is all business and ready to hear you # BringTheNoise ! # CINvsIND	0
For # MarketerMonday $T$ on @ LinkedIn	0
Ghost hunting this Saturday at $T$ , Salisbury ! !	0
Ghost hunting this Saturday at The Wardrobe , $T$ ! !	0
RT @ pl1949 : Welcome to St . Petersburg , $T$ # Citybreaks # travel	0
RT @ HistoryInPics : A dinosaur being delivered to the $T$ , 1984	0
$T$ independencia de Chile con @ cristobalcobo y amigos y familia en Lima	0
Celebrando independencia de $T$ con @ cristobalcobo y amigos y familia en Lima	0
Celebrando independencia de Chile con @ cristobalcobo y amigos y familia en $T$	0
$T$ on David Letterman tonight .	0
Lady Gaga on $T$ tonight .	0
Report finds $T$ amp Sri Lanka way more generous than India . yes we are a selfish bunch	0
Report finds Pak amp $T$ way more generous than India . yes we are a selfish bunch	0
Report finds Pak amp Sri Lanka way more generous than $T$ . yes we are a selfish bunch	0
$T$	0
RT @ ZacEfron : To my best girl - happy birthday angel . Love you $T$ .	0
Security operations teams are busier than ever . $T$ can help !	0
RT @ verge : The $T$ may be editing the Wikipedia pages of people it killed	1
RT @ verge : The NYPD may be editing the $T$ pages of people it killed	1
When $T$ @ NarcisseforIowa announced he was running for # iagov ( again ) # iapolitics	0
RT @ Oval station : Friday 12th June Thought Of The Day From Oval Station By Sir $T$ 1922 - 2015 RIP	0
RT @ irarchaeology : Detail from the $T$ , c . 9th century AD	0
We waited , then waited some more , and it finally happened ! Huge fall last night has left $T$ in a blanket of white .	0
Some supporters of confederate flag were among those present at $T$ rally to take it down . @ abc	0
RT @ usatodaylife : $T$ ( @ joshgad ) remembers his friend and idol , Genie ( Robin Williams )	0
RT @ usatodaylife : Olaf ( @ joshgad ) remembers his friend and idol , Genie ( $T$ )	0
RT @ ClassicPixs : $T$ , Fleetwood Mac , 1978 .	0
RT @ ClassicPixs : Stevie Nicks , $T$ , 1978 .	0
RT @ WOODTV RIP $T$ . The author and poet has died at the age of 86 .	0
RT @ RTLGP : $T$ niet naar Chili in 2016 # RTLGP # Dakar	0
RT @ RTLGP : Dakar rally niet naar $T$ in 2016 # RTLGP # Dakar	0
RT @ RTLGP : Dakar rally niet naar Chili in 2016 # RTLGP $T$	0
RT @ fleekcyrus : RT # MTVHottest $T$	0
RT @ kpopnonsense : $T$ being thirsty	0
$T$ mixing the album last week sounds killer ! We should be able to give you more info on a release date soon !	0
RT @ ThattKidEric : The truth about $T$	0
Amalie Arena is blue with Thundersticks before the $T$ and # TBLightning face off	0
RT @ DECLEX : Looooool RT @ GeniusFootball : Real Madrid Lineup to watch $T$ vs Atleti .	0
RT @ DECLEX : Looooool RT @ GeniusFootball : Real Madrid Lineup to watch Barca vs $T$ .	0
RT @ CBSSports : $T$ HOCKEY	0
Traffic is moving again after # LMPD clears up $T$ bus crash at 7th and Algonquin . # Louisville	0
Traffic is moving again after # LMPD clears up # JCPS bus crash at 7th and $T$ . # Louisville	0
Traffic is moving again after # LMPD clears up # JCPS bus crash at 7th and Algonquin . $T$	0
RT @ LUHANMAMA : 150907 $T$ - Luoyang Longmen Railway Station ( cr : Ginnyma )	0
RT @ LUHANMAMA : 150907 # LUHAN - $T$ ( cr : Ginnyma )	0
@ AustinMahone When is the next time your coming to $T$ , I loved this moment	0
$T$ on 9 16 , 9 : 30am - 2 : 30pm at the UMC . FREE for students !	0
10th Annual Latino Business Expo on 9 16 , 9 : 30am - 2 : 30pm at the $T$ . FREE for students !	0
RT @ piercearrow33 : Popular on 500px : $T$ by Martynas	0
RT @ piercearrow33 : Popular on 500px : May It Be by $T$	0
The Curious Case of $T$ by @ NRMediaGroup	0
Grocery shopping with Grandma . This $T$ is actual size	0
RT @ LFC : Thanks $T$ , for being great hosts and the first destination on the 2015 # LFCTour . Next stop , Brisbane .	0
RT @ LFC : Thanks Thailand , for being great hosts and the first destination on the 2015 # LFCTour . Next stop , $T$ .	0
RT @ TattooGirlsMag : Tattooed girl $T$	0
Win this book if your a marketing director in $T$ visit	0
RT @ BlackburnSarnia : Firefighters battling major structure fire in $T$ Monday evening .	0
The $T$ take down Brandon Saad in the first period . # Blackhawks :	0
The Lightning take down $T$ in the first period . # Blackhawks :	0
The Lightning take down Brandon Saad in the first period . $T$ :	0
RT @ LadyBoners : $T$ is beautiful !	0
@ mario guano : Photo by $T$	0
Ghostly figure in bottom left window , $T$	0
RT @ NiggaCheff : $T$ is one of the greatest producers rappers of our time .	0
Happy Birthday to world champion $T$ @ dare duric ! What do you wish him ?	0
$T$ battles in the crease as Pekka Rinne makes a first period save # Blackhawks	0
Jonathan Toews battles in the crease as $T$ makes a first period save # Blackhawks	0
Jonathan Toews battles in the crease as Pekka Rinne makes a first period save $T$	0
RT @ AsiaArgento : # Incompresa released in $T$ today	0
RT @ Gregtucson : Sunset tonight in $T$	0
Taking a tour if $T$ along with every other tourist in Ireland !	0
Taking a tour if Guinness along with every other tourist in $T$ !	0
$T$ says she wrote a 5000 word speech but had to slice by half . # HKElectoralReform	0
$T$ wins ! There was much rejoicing # jayhokie	0
RT @ GSunDarrenReese : Congratulations to $T$ freshman Taylor Lamb for earning All - State honors from the TSWA .	0
RT @ NYMag : Video shows officer threatened $T$ with a taser during traffic stop :	0
RT @ LaFamiliaFilm : $T$ directs The French Connection .	0
RT @ LaFamiliaFilm : William Friedkin directs $T$ .	0
RT @ RelatableQuote : $T$ is my spirit animal	0
RT @ SmithofDerby : You can find this sleek , classy clock of ours at Harvey Nichols in $T$	0
RT @ FOXSoccer : Happy birthday , $T$ ! The soccer icon turns 39 years young today .	0
RT @ 6SecondFutbol : $T$ today . https : t . co qDqJoSWSbt	0
$T$ is beautifu .	0
Dr . Martin Luther King Jr on his way to the Birmingham Alabama jail , 1958 . Photo by $T$ # dotherightthing	0
