{
  "epoch": 26,
  "eval_loss": 0.8445390672750877,
  "eval_accuracy": 0.6755793226381461,
  "precision": 0.6302864337222192,
  "recall": 0.5502098341658267,
  "f_score": 0.5716713337085985,
  "global_step": 5148,
  "loss": 0.11696234130821888,
  "epoch_time_minutes": 5.648993961016337,
  "total_time_hours": 2.6139583698246214
}