{
  "epoch": 23,
  "eval_loss": 0.880776089681706,
  "eval_accuracy": 0.6541889483065954,
  "precision": 0.609586332101407,
  "recall": 0.49812184564144085,
  "f_score": 0.5068987904027722,
  "global_step": 4554,
  "loss": 0.12927447042937548,
  "epoch_time_minutes": 5.602550725142161,
  "total_time_hours": 2.322616855899493
}