{
  "epoch": 35,
  "eval_loss": 0.7650438383431502,
  "eval_accuracy": 0.7112299465240641,
  "precision": 0.6648422950701431,
  "recall": 0.6366932255681744,
  "f_score": 0.6489889317135714,
  "global_step": 6930,
  "loss": 0.0972475269961657,
  "epoch_time_minutes": 5.692097278436025,
  "total_time_hours": 3.48665030280749
}