{
  "epoch": 15,
  "eval_loss": 0.9570119045150112,
  "eval_accuracy": 0.5900178253119429,
  "precision": 0.34629987975078214,
  "recall": 0.37936883240562863,
  "f_score": 0.3522744892214343,
  "global_step": 2970,
  "loss": 0.16525106164831785,
  "epoch_time_minutes": 5.710910268624624,
  "total_time_hours": 1.550467909442054
}