{
  "epoch": 16,
  "eval_loss": 0.9477022105539349,
  "eval_accuracy": 0.6078431372549019,
  "precision": 0.6995236189513299,
  "recall": 0.3982898760676428,
  "f_score": 0.37517322903973876,
  "global_step": 3168,
  "loss": 0.1600389745906464,
  "epoch_time_minutes": 5.547273353735606,
  "total_time_hours": 1.6465533122089173
}