{
  "epoch": 28,
  "eval_loss": 0.8222630771113114,
  "eval_accuracy": 0.6898395721925134,
  "precision": 0.6437708138493436,
  "recall": 0.586276692379245,
  "f_score": 0.6057920682267575,
  "global_step": 5544,
  "loss": 0.11056734195107934,
  "epoch_time_minutes": 5.563559607664744,
  "total_time_hours": 2.806689979036649
}