{
  "epoch": 31,
  "eval_loss": 0.7937906569158527,
  "eval_accuracy": 0.7049910873440285,
  "precision": 0.6640828008214674,
  "recall": 0.6208969329267896,
  "f_score": 0.6382562327319116,
  "global_step": 6138,
  "loss": 0.10247149466531082,
  "epoch_time_minutes": 5.649896049499512,
  "total_time_hours": 3.0990877507130303
}