{
  "epoch": 13,
  "eval_loss": 0.9692278126595726,
  "eval_accuracy": 0.5811051693404634,
  "precision": 0.3299418604651163,
  "recall": 0.3635469517100964,
  "f_score": 0.3326279653017494,
  "global_step": 2574,
  "loss": 0.17709623826374798,
  "epoch_time_minutes": 5.6142389138539635,
  "total_time_hours": 1.3590739509132173
}