{
  "epoch": 27,
  "eval_loss": 0.8327847912277974,
  "eval_accuracy": 0.6809269162210339,
  "precision": 0.6382104304924273,
  "recall": 0.56771449858599,
  "f_score": 0.5898799788193275,
  "global_step": 5346,
  "loss": 0.11210999634093459,
  "epoch_time_minutes": 5.586806567509969,
  "total_time_hours": 2.7104502922296523
}