{
  "epoch": 42,
  "eval_loss": 0.7293690459828981,
  "eval_accuracy": 0.7174688057040999,
  "precision": 0.6645054417359967,
  "recall": 0.6372991621510142,
  "f_score": 0.6492247452623251,
  "global_step": 8316,
  "loss": 0.09373547365455508,
  "epoch_time_minutes": 5.555896361668904,
  "total_time_hours": 4.152766541375054
}