{
  "epoch": 25,
  "eval_loss": 0.8570288931819755,
  "eval_accuracy": 0.6666666666666666,
  "precision": 0.6225623896701656,
  "recall": 0.5370028498392262,
  "f_score": 0.5577298674174269,
  "global_step": 4950,
  "loss": 0.12084538820404676,
  "epoch_time_minutes": 5.619738109906515,
  "total_time_hours": 2.516473885907067
}