{
  "epoch": 30,
  "eval_loss": 0.8022303757533221,
  "eval_accuracy": 0.7014260249554367,
  "precision": 0.6611089918833577,
  "recall": 0.611880218373435,
  "f_score": 0.6309414575232619,
  "global_step": 5940,
  "loss": 0.10431018417361397,
  "epoch_time_minutes": 5.600980460643768,
  "total_time_hours": 3.001357450882594
}