{
  "epoch": 20,
  "eval_loss": 0.9137762130146295,
  "eval_accuracy": 0.6327985739750446,
  "precision": 0.5507489197854064,
  "recall": 0.45526640613575536,
  "f_score": 0.44177999003308904,
  "global_step": 3960,
  "loss": 0.14156575114846978,
  "epoch_time_minutes": 5.6118928988774615,
  "total_time_hours": 2.0336170064078436
}