{
  "epoch": 17,
  "eval_loss": 0.9421795757723527,
  "eval_accuracy": 0.6016042780748663,
  "precision": 0.6971380963776402,
  "recall": 0.4074618380399595,
  "f_score": 0.3845312728042642,
  "global_step": 3366,
  "loss": 0.15508391711884326,
  "epoch_time_minutes": 5.602293515205384,
  "total_time_hours": 1.7433162112368479
}