{
  "epoch": 4,
  "eval_loss": 1.0465980163762267,
  "eval_accuracy": 0.5115864527629234,
  "precision": 0.3533096856952471,
  "recall": 0.35064175655269625,
  "f_score": 0.34429292967832575,
  "global_step": 792,
  "loss": 0.1949082376821986,
  "epoch_time_minutes": 5.663533842563629,
  "total_time_hours": 0.5021477472782135
}