{
  "epoch": 37,
  "eval_loss": 0.7526493085102296,
  "eval_accuracy": 0.713903743315508,
  "precision": 0.6663842855317376,
  "recall": 0.6388565291468543,
  "f_score": 0.650832150657153,
  "global_step": 7326,
  "loss": 0.09498631443430043,
  "epoch_time_minutes": 5.541149648030599,
  "total_time_hours": 3.679793489774068
}