{
  "epoch": 24,
  "eval_loss": 0.8681205754548731,
  "eval_accuracy": 0.6666666666666666,
  "precision": 0.6385971525046965,
  "recall": 0.5242228840734419,
  "f_score": 0.5439818028030668,
  "global_step": 4752,
  "loss": 0.1257652111304631,
  "epoch_time_minutes": 5.628396320343017,
  "total_time_hours": 2.41978525393539
}