{
  "epoch": 2,
  "eval_loss": 1.074677699048754,
  "eval_accuracy": 0.4215686274509804,
  "precision": 0.3459831981691162,
  "recall": 0.3450315481312731,
  "f_score": 0.34120353336021575,
  "global_step": 396,
  "loss": 0.20695559948495348,
  "epoch_time_minutes": 5.572077341874441,
  "total_time_hours": 0.3086364984512329
}