{
  "epoch": 1,
  "eval_loss": 1.078015063849973,
  "eval_accuracy": 0.4055258467023173,
  "precision": 0.34695463334100274,
  "recall": 0.34484261308030034,
  "f_score": 0.3378533679921687,
  "global_step": 198,
  "loss": 0.21511932999457953,
  "epoch_time_minutes": 5.573517680168152,
  "total_time_hours": 0.21450522383054096
}