{
  "epoch": 43,
  "eval_loss": 0.7255428538356029,
  "eval_accuracy": 0.7183600713012478,
  "precision": 0.6671181897145596,
  "recall": 0.6366596481345019,
  "f_score": 0.6497918160959866,
  "global_step": 8514,
  "loss": 0.0936089241467182,
  "epoch_time_minutes": 5.5850778937339784,
  "total_time_hours": 4.249378979934586
}