{
  "epoch": 21,
  "eval_loss": 0.910877631583684,
  "eval_accuracy": 0.6265597147950089,
  "precision": 0.571005898938068,
  "recall": 0.47086243533699257,
  "f_score": 0.4568226709645861,
  "global_step": 4158,
  "loss": 0.139141080608158,
  "epoch_time_minutes": 5.614905794461568,
  "total_time_hours": 2.1303419174088374
}