{
  "epoch": 33,
  "eval_loss": 0.7769988070071583,
  "eval_accuracy": 0.7085561497326203,
  "precision": 0.6611065528121891,
  "recall": 0.6276395945714976,
  "f_score": 0.641721098903464,
  "global_step": 6534,
  "loss": 0.09975057937814005,
  "epoch_time_minutes": 5.691719492276509,
  "total_time_hours": 3.291076728436682
}