{
  "epoch": 18,
  "eval_loss": 0.9358961338728247,
  "eval_accuracy": 0.6007130124777184,
  "precision": 0.5335146834199603,
  "recall": 0.4172084843463811,
  "f_score": 0.3929069687376964,
  "global_step": 3564,
  "loss": 0.15139007713622268,
  "epoch_time_minutes": 5.620198671023051,
  "total_time_hours": 1.8403684783644145
}