{
  "epoch": 7,
  "eval_loss": 1.0112504665280733,
  "eval_accuracy": 0.5508021390374331,
  "precision": 0.4382258645283698,
  "recall": 0.3501107768795511,
  "f_score": 0.3260130250910665,
  "global_step": 1386,
  "loss": 0.1921171596121488,
  "epoch_time_minutes": 5.622061423460642,
  "total_time_hours": 0.790216268963284
}