{
  "epoch": 29,
  "eval_loss": 0.8110087085777605,
  "eval_accuracy": 0.6996434937611408,
  "precision": 0.6584498316364549,
  "recall": 0.6079403743239195,
  "f_score": 0.627320163644136,
  "global_step": 5742,
  "loss": 0.10743778334848536,
  "epoch_time_minutes": 5.647207307815552,
  "total_time_hours": 2.904071059955491
}