{
  "epoch": 34,
  "eval_loss": 0.7715360178074366,
  "eval_accuracy": 0.7112299465240641,
  "precision": 0.6644381410413701,
  "recall": 0.6366932255681744,
  "f_score": 0.6488183884469164,
  "global_step": 6732,
  "loss": 0.0989357702012332,
  "epoch_time_minutes": 5.594471756617228,
  "total_time_hours": 3.3876998088757198
}