{
  "epoch": 19,
  "eval_loss": 0.9261137465356102,
  "eval_accuracy": 0.6122994652406417,
  "precision": 0.44517483646935313,
  "recall": 0.42909952419663483,
  "f_score": 0.40474510869247715,
  "global_step": 3762,
  "loss": 0.1458985061015723,
  "epoch_time_minutes": 5.583796274662018,
  "total_time_hours": 1.9367671754625109
}