{
  "epoch": 3,
  "eval_loss": 1.0638956805350075,
  "eval_accuracy": 0.46702317290552586,
  "precision": 0.3496693486068945,
  "recall": 0.3499954543185462,
  "f_score": 0.34851571865081615,
  "global_step": 594,
  "loss": 0.197882409084518,
  "epoch_time_minutes": 5.558632409572601,
  "total_time_hours": 0.4045248250828849
}