{
  "epoch": 38,
  "eval_loss": 0.7452832170775239,
  "eval_accuracy": 0.7165775401069518,
  "precision": 0.667641462234361,
  "recall": 0.6386094424327737,
  "f_score": 0.6512032367315913,
  "global_step": 7524,
  "loss": 0.09522545033093519,
  "epoch_time_minutes": 5.604307039578756,
  "total_time_hours": 3.7768306469255024
}