{
  "epoch": 22,
  "eval_loss": 0.8954211700130517,
  "eval_accuracy": 0.6363636363636364,
  "precision": 0.5695221164398262,
  "recall": 0.4772675925310652,
  "f_score": 0.4735500196650267,
  "global_step": 4356,
  "loss": 0.13312650724964323,
  "epoch_time_minutes": 5.535282357533773,
  "total_time_hours": 2.226146278977394
}